"code_departement","departement","raison_sociale","libelle_pui","finess","type_de_vaccin","nb_ucd","nb_doses","date"
"01","Ain","CH FLEYRIAT","PUI CENTRE HOSPITALIER BOURG EN BRESSE","010000024","Pfizer P<e9>diatrique",1373,13730,2023-02-22
"01","Ain","CH FLEYRIAT","PUI CENTRE HOSPITALIER BOURG EN BRESSE","010000024","Moderna BA1",9,9,2023-02-22
"01","Ain","CH FLEYRIAT","PUI CENTRE HOSPITALIER BOURG EN BRESSE","010000024","Pifzer BA5",271,1626,2023-02-22
"01","Ain","CH FLEYRIAT","PUI CENTRE HOSPITALIER BOURG EN BRESSE","010000024","Nuvaxovid",471,4710,2023-02-22
"02","Aisne","CENTRE HOSPITALIER DE SAINT QUENTIN","PUI de CH SAINT-QUENTIN","020000162","Janssen",9,45,2023-02-22
"02","Aisne","CENTRE HOSPITALIER DE SAINT QUENTIN","PUI de CH SAINT-QUENTIN","020000162","Pifzer BA5",650,3900,2023-02-22
"02","Aisne","CENTRE HOSPITALIER DE SAINT QUENTIN","PUI de CH SAINT-QUENTIN","020000162","Pfizer P<e9>diatrique",3056,30560,2023-02-22
"02","Aisne","CENTRE HOSPITALIER DE SAINT QUENTIN","PUI de CH SAINT-QUENTIN","020000162","Pfizer",10466,62796,2023-02-22
"03","Allier","CH DE MOULINS YZEURE","PUI CH MOULINS YZEURE","030000061","Pifzer BA5",630,3780,2023-02-22
"03","Allier","CH DE MOULINS YZEURE","PUI CH MOULINS YZEURE","030000061","Moderna BA1",47,235,2023-02-22
"03","Allier","CH DE MOULINS YZEURE","PUI CH MOULINS YZEURE","030000061","Nuvaxovid",191,1910,2023-02-22
"03","Allier","CH DE MOULINS YZEURE","PUI CH MOULINS YZEURE","030000061","Pfizer",1916,11496,2023-02-22
"03","Allier","CH DE MOULINS YZEURE","PUI CH MOULINS YZEURE","030000061","Pfizer P<e9>diatrique",760,7600,2023-02-22
"04","Alpes-de-Haute-Provence","CENTRE HOSPITALIER DE DIGNE LES BAINS","CH DIGNE-LES-BAINS","040000911","Pifzer BA5",416,2496,2023-02-22
"04","Alpes-de-Haute-Provence","CENTRE HOSPITALIER DE DIGNE LES BAINS","CH DIGNE-LES-BAINS","040000911","Pfizer P<e9>diatrique",519,5190,2023-02-22
"04","Alpes-de-Haute-Provence","CENTRE HOSPITALIER DE DIGNE LES BAINS","CH DIGNE-LES-BAINS","040000911","Moderna BA1",86,430,2023-02-22
"04","Alpes-de-Haute-Provence","CENTRE HOSPITALIER DE DIGNE LES BAINS","CH DIGNE-LES-BAINS","040000911","Pfizer",3329,19974,2023-02-22
"05","Hautes-Alpes","CHI DES ALPES DU SUD","PUI CHICAS GAP-SISTERON","040000135","Pfizer P<e9>diatrique",30,300,2023-02-22
"05","Hautes-Alpes","CHI DES ALPES DU SUD","PUI CHICAS GAP-SISTERON","040000135","Moderna BA1",100,500,2023-02-22
"05","Hautes-Alpes","CHI DES ALPES DU SUD","PUI CHICAS GAP-SISTERON","040000135","Pifzer BA5",262,1572,2023-02-22
"05","Hautes-Alpes","CHI DES ALPES DU SUD","PUI CHICAS GAP-SISTERON","040000135","Pfizer",1560,9360,2023-02-22
"06","Alpes-Maritimes","CTRE HOSPITALIER UNIVERSITAIRE DE NICE","CHU Nice - H<f4>pital Archet 2 - Pharmacie","060789195","Pifzer BA5",378,2268,2023-02-22
"06","Alpes-Maritimes","CTRE HOSPITALIER UNIVERSITAIRE DE NICE","CHU Nice - H<f4>pital Archet 2 - Pharmacie","060789195","Sanofi",10,100,2023-02-22
"06","Alpes-Maritimes","CTRE HOSPITALIER UNIVERSITAIRE DE NICE","CHU Nice - H<f4>pital Archet 2 - Pharmacie","060789195","Pfizer P<e9>diatrique",8,80,2023-02-22
"06","Alpes-Maritimes","CTRE HOSPITALIER UNIVERSITAIRE DE NICE","CHU Nice - H<f4>pital Archet 2 - Pharmacie","060789195","Moderna BA1",90,450,2023-02-22
"07","Ard<e8>che","CH DES VALS D'ARDECHE","PUI CENTRE HOSPITALIER DES VALS D'ARDECHE","070000013","Pfizer BA1",55,330,2023-02-22
"08","Ardennes","CHI NORD ARDENNES","PUI CH CHARLEVILLE - HOPITAL MANCHESTER","080000425","Pifzer BA5",831,4986,2023-02-22
"08","Ardennes","CHI NORD ARDENNES","PUI CH CHARLEVILLE - HOPITAL MANCHESTER","080000425","Moderna BA1",100,500,2023-02-22
"08","Ardennes","CHI NORD ARDENNES","PUI CH CHARLEVILLE - HOPITAL MANCHESTER","080000425","Pfizer P<e9>diatrique 6 mois - 4 ans",10,100,2023-02-22
"08","Ardennes","CHI NORD ARDENNES","PUI CH CHARLEVILLE - HOPITAL MANCHESTER","080000425","Nuvaxovid",258,2580,2023-02-22
"08","Ardennes","CHI NORD ARDENNES","PUI CH CHARLEVILLE - HOPITAL MANCHESTER","080000425","Pfizer",5446,32676,2023-02-22
"08","Ardennes","CHI NORD ARDENNES","PUI CH CHARLEVILLE - HOPITAL MANCHESTER","080000425","Moderna",0,0,2023-02-22
"08","Ardennes","CHI NORD ARDENNES","PUI CH CHARLEVILLE - HOPITAL MANCHESTER","080000425","Pfizer P<e9>diatrique",1025,10250,2023-02-22
"09","Ari<e8>ge","CHIVAL","PUI_C H I DES VALLEES D ARIEGE","090000175","Pfizer",1591,9546,2023-02-22
"09","Ari<e8>ge","CHIVAL","PUI_C H I DES VALLEES D ARIEGE","090000175","Moderna",0,0,2023-02-22
"09","Ari<e8>ge","CHIVAL","PUI_C H I DES VALLEES D ARIEGE","090000175","Pfizer P<e9>diatrique",498,4980,2023-02-22
"09","Ari<e8>ge","CHIVAL","PUI_C H I DES VALLEES D ARIEGE","090000175","Moderna BA1",10,50,2023-02-22
"09","Ari<e8>ge","CHIVAL","PUI_C H I DES VALLEES D ARIEGE","090000175","Nuvaxovid",0,0,2023-02-22
"09","Ari<e8>ge","CHIVAL","PUI_C H I DES VALLEES D ARIEGE","090000175","Pifzer BA5",265,1590,2023-02-22
"11","Aude","GCS GAPM MEDICO LOGISTIQUE","PUI_GCS GAPM MEDICO LOGISTIQUE","110006004","Moderna",3553,35530,2023-02-22
"11","Aude","GCS GAPM MEDICO LOGISTIQUE","PUI_GCS GAPM MEDICO LOGISTIQUE","110006004","Pfizer",14589,87534,2023-02-22
"11","Aude","GCS GAPM MEDICO LOGISTIQUE","PUI_GCS GAPM MEDICO LOGISTIQUE","110006004","Pfizer P<e9>diatrique",1649,16490,2023-02-22
"11","Aude","GCS GAPM MEDICO LOGISTIQUE","PUI_GCS GAPM MEDICO LOGISTIQUE","110006004","Nuvaxovid",263,2630,2023-02-22
"11","Aude","GCS GAPM MEDICO LOGISTIQUE","PUI_GCS GAPM MEDICO LOGISTIQUE","110006004","Moderna BA1",95,475,2023-02-22
"11","Aude","GCS GAPM MEDICO LOGISTIQUE","PUI_GCS GAPM MEDICO LOGISTIQUE","110006004","Pifzer BA5",298,1788,2023-02-22
"12","Aveyron","CH DE RODEZ HOPITAL JACQUES PUEL","PUI_CH RODEZ","120000039","Pfizer P<e9>diatrique",1033,10330,2023-02-22
"12","Aveyron","CH DE RODEZ HOPITAL JACQUES PUEL","PUI_CH RODEZ","120000039","Pifzer BA5",801,4806,2023-02-22
"12","Aveyron","CH DE RODEZ HOPITAL JACQUES PUEL","PUI_CH RODEZ","120000039","Pfizer",4435,26610,2023-02-22
"12","Aveyron","CH DE RODEZ HOPITAL JACQUES PUEL","PUI_CH RODEZ","120000039","Moderna BA1",27,135,2023-02-22
"13","Bouches-du-Rh<f4>ne","APHM DIRECTION GENERALE","PUI AP-HM H<f4>pital Nord","130780521","Moderna BA1",99,495,2023-02-22
"13","Bouches-du-Rh<f4>ne","APHM DIRECTION GENERALE","PUI AP-HM H<f4>pital Nord","130780521","Moderna",1606,16060,2023-02-22
"13","Bouches-du-Rh<f4>ne","APHM DIRECTION GENERALE","PUI AP-HM H<f4>pital Nord","130780521","Nuvaxovid",1254,12540,2023-02-22
"13","Bouches-du-Rh<f4>ne","APHM DIRECTION GENERALE","PUI AP-HM H<f4>pital Nord","130780521","Pfizer P<e9>diatrique",5978,59780,2023-02-22
"13","Bouches-du-Rh<f4>ne","APHM DIRECTION GENERALE","PUI AP-HM H<f4>pital Nord","130780521","Pfizer P<e9>diatrique 6 mois - 4 ans",6,60,2023-02-22
"13","Bouches-du-Rh<f4>ne","APHM DIRECTION GENERALE","PUI AP-HM H<f4>pital Nord","130780521","Pifzer BA5",617,3702,2023-02-22
"13","Bouches-du-Rh<f4>ne","APHM DIRECTION GENERALE","PUI AP-HM H<f4>pital Nord","130780521","Pfizer",10404,62424,2023-02-22
"14","Calvados","CHU DE CAEN NORMANDIE","PUI CHU CAEN","140000209","Pfizer BA1",0,0,2023-02-22
"14","Calvados","CHU DE CAEN NORMANDIE","PUI CHU CAEN","140000209","Moderna BA1",13,65,2023-02-22
"14","Calvados","CHU DE CAEN NORMANDIE","PUI CHU CAEN","140000209","Nuvaxovid",0,0,2023-02-22
"14","Calvados","CHU DE CAEN NORMANDIE","PUI CHU CAEN","140000209","Pfizer",12515,75090,2023-02-22
"14","Calvados","CHU DE CAEN NORMANDIE","PUI CHU CAEN","140000209","Moderna",0,0,2023-02-22
"14","Calvados","CHU DE CAEN NORMANDIE","PUI CHU CAEN","140000209","Pfizer P<e9>diatrique",0,0,2023-02-22
"15","Cantal","CH D'AURILLAC","PUI C.H. HENRI MONDOR AURILLAC","150000040","Pifzer BA5",239,1434,2023-02-22
"15","Cantal","CH D'AURILLAC","PUI C.H. HENRI MONDOR AURILLAC","150000040","Moderna BA1",92,460,2023-02-22
"15","Cantal","CH D'AURILLAC","PUI C.H. HENRI MONDOR AURILLAC","150000040","Pfizer",2217,13302,2023-02-22
"16","Charente","CENTRE HOSPITALIER D'ANGOULEME","PUI CENTRE HOSPITALIER  ANGOULEME","160000253","Pifzer BA5",152,912,2023-02-22
"16","Charente","CENTRE HOSPITALIER D'ANGOULEME","PUI CENTRE HOSPITALIER  ANGOULEME","160000253","Moderna BA1",93,465,2023-02-22
"16","Charente","CENTRE HOSPITALIER D'ANGOULEME","PUI CENTRE HOSPITALIER  ANGOULEME","160000253","Moderna BA5",4,4,2023-02-22
"16","Charente","CENTRE HOSPITALIER D'ANGOULEME","PUI CENTRE HOSPITALIER  ANGOULEME","160000253","Nuvaxovid",10,100,2023-02-22
"16","Charente","CENTRE HOSPITALIER D'ANGOULEME","PUI CENTRE HOSPITALIER  ANGOULEME","160000253","Sanofi",10,100,2023-02-22
"18","Cher","CH JACQUES COEUR  DE BOURGES","PUI CH Bourges","180000010","Moderna BA1",100,500,2023-02-22
"18","Cher","CH JACQUES COEUR  DE BOURGES","PUI CH Bourges","180000010","Nuvaxovid",207,2070,2023-02-22
"18","Cher","CH JACQUES COEUR  DE BOURGES","PUI CH Bourges","180000010","Moderna",1786,17860,2023-02-22
"18","Cher","CH JACQUES COEUR  DE BOURGES","PUI CH Bourges","180000010","Pifzer BA5",286,1716,2023-02-22
"18","Cher","CH JACQUES COEUR  DE BOURGES","PUI CH Bourges","180000010","Pfizer",4666,27996,2023-02-22
"18","Cher","CH JACQUES COEUR  DE BOURGES","PUI CH Bourges","180000010","Pfizer P<e9>diatrique",1000,10000,2023-02-22
"19","Corr<e8>ze","CENTRE HOSPITALIER DUBOIS BRIVE","PUI CENTRE HOSPITALIER  BRIVE","190000018","Pifzer BA5",526,3156,2023-02-22
"19","Corr<e8>ze","CENTRE HOSPITALIER DUBOIS BRIVE","PUI CENTRE HOSPITALIER  BRIVE","190000018","Pfizer",3128,18768,2023-02-22
"19","Corr<e8>ze","CENTRE HOSPITALIER DUBOIS BRIVE","PUI CENTRE HOSPITALIER  BRIVE","190000018","Pfizer P<e9>diatrique",461,4610,2023-02-22
"19","Corr<e8>ze","CENTRE HOSPITALIER DUBOIS BRIVE","PUI CENTRE HOSPITALIER  BRIVE","190000018","Nuvaxovid",0,0,2023-02-22
"21","C<f4>te-d'Or","CHU DIJON BOURGOGNE","PUI CHU DIJON","210987558","Pfizer",8500,51000,2023-02-22
"21","C<f4>te-d'Or","CHU DIJON BOURGOGNE","PUI CHU DIJON","210987558","Pifzer BA5",169,1014,2023-02-22
"21","C<f4>te-d'Or","CHU DIJON BOURGOGNE","PUI CHU DIJON","210987558","Moderna BA5",30,30,2023-02-22
"21","C<f4>te-d'Or","CHU DIJON BOURGOGNE","PUI CHU DIJON","210987558","Pfizer P<e9>diatrique 6 mois - 4 ans",10,100,2023-02-22
"21","C<f4>te-d'Or","CHU DIJON BOURGOGNE","PUI CHU DIJON","210987558","Nuvaxovid",468,4680,2023-02-22
"21","C<f4>te-d'Or","CHU DIJON BOURGOGNE","PUI CHU DIJON","210987558","Moderna BA1",83,415,2023-02-22
"21","C<f4>te-d'Or","CHU DIJON BOURGOGNE","PUI CHU DIJON","210987558","Pfizer P<e9>diatrique",2621,26210,2023-02-22
"21","C<f4>te-d'Or","CHU DIJON BOURGOGNE","PUI CHU DIJON","210987558","Sanofi",10,100,2023-02-22
"23","Creuse","CENTRE HOSPITALIER DE GUERET","CH GUERET","230000820","Pfizer P<e9>diatrique",587,5870,2023-02-22
"23","Creuse","CENTRE HOSPITALIER DE GUERET","CH GUERET","230000820","Pifzer BA5",825,4950,2023-02-22
"23","Creuse","CENTRE HOSPITALIER DE GUERET","CH GUERET","230000820","Pfizer",1985,11910,2023-02-22
"23","Creuse","CENTRE HOSPITALIER DE GUERET","CH GUERET","230000820","Moderna BA1",100,500,2023-02-22
"23","Creuse","CENTRE HOSPITALIER DE GUERET","CH GUERET","230000820","Pfizer P<e9>diatrique 6 mois - 4 ans",10,100,2023-02-22
"23","Creuse","CENTRE HOSPITALIER DE GUERET","CH GUERET","230000820","Sanofi",20,200,2023-02-22
"24","Dordogne","CENTRE HOSPITALIER DE PERIGUEUX","PUI CENTRE HOSPITALIER PERIGUEUX","240000489","Pifzer BA5",351,2106,2023-02-22
"25","Doubs","CHRU BESANCON","PUI CHU BESANCON","250006954","Pfizer",8737,52422,2023-02-22
"25","Doubs","CHRU BESANCON","PUI CHU BESANCON","250006954","Pfizer P<e9>diatrique 6 mois - 4 ans",5,50,2023-02-22
"25","Doubs","CHRU BESANCON","PUI CHU BESANCON","250006954","Pfizer P<e9>diatrique",2719,27190,2023-02-22
"25","Doubs","CHRU BESANCON","PUI CHU BESANCON","250006954","Moderna BA1",35,175,2023-02-22
"25","Doubs","CHRU BESANCON","PUI CHU BESANCON","250006954","Pifzer BA5",140,840,2023-02-22
"27","Eure","CH EURE-SEINE","PUI CHI EURE SEINE","270000458","Pfizer",636,3816,2023-02-22
"27","Eure","CH EURE-SEINE","PUI CHI EURE SEINE","270000458","Pifzer BA5",255,1530,2023-02-22
"28","Eure-et-Loir","CH DE CHARTRES","PUI CH Chartres","280504267","Pfizer P<e9>diatrique",2548,25480,2023-02-22
"28","Eure-et-Loir","CH DE CHARTRES","PUI CH Chartres","280504267","Moderna BA1",67,335,2023-02-22
"28","Eure-et-Loir","CH DE CHARTRES","PUI CH Chartres","280504267","Pfizer",7257,43542,2023-02-22
"28","Eure-et-Loir","CH DE CHARTRES","PUI CH Chartres","280504267","Pifzer BA5",152,912,2023-02-22
"29","Finist<e8>re","CHRU BREST","PUI C.H.U.  BREST","290004324","Sanofi",10,100,2023-02-22
"29","Finist<e8>re","CHRU BREST","PUI C.H.U.  BREST","290004324","Pfizer P<e9>diatrique",3039,30390,2023-02-22
"29","Finist<e8>re","CHRU BREST","PUI C.H.U.  BREST","290004324","Moderna BA1",66,330,2023-02-22
"29","Finist<e8>re","CHRU BREST","PUI C.H.U.  BREST","290004324","Pfizer",16448,98688,2023-02-22
"29","Finist<e8>re","CHRU BREST","PUI C.H.U.  BREST","290004324","Pifzer BA5",1497,8982,2023-02-22
"2B","Haute-Corse","CENTRE HOSPITALIER DE BASTIA","PUI CH BASTIA","2B0000012","Pifzer BA5",698,4188,2023-02-22
"2B","Haute-Corse","CENTRE HOSPITALIER DE BASTIA","PUI CH BASTIA","2B0000012","Pfizer",4687,28122,2023-02-22
"2B","Haute-Corse","CENTRE HOSPITALIER DE BASTIA","PUI CH BASTIA","2B0000012","Pfizer P<e9>diatrique 6 mois - 4 ans",10,100,2023-02-22
"2B","Haute-Corse","CENTRE HOSPITALIER DE BASTIA","PUI CH BASTIA","2B0000012","Pfizer P<e9>diatrique",1139,11390,2023-02-22
"2B","Haute-Corse","CENTRE HOSPITALIER DE BASTIA","PUI CH BASTIA","2B0000012","Nuvaxovid",201,2010,2023-02-22
"2B","Haute-Corse","CENTRE HOSPITALIER DE BASTIA","PUI CH BASTIA","2B0000012","Moderna BA1",116,116,2023-02-22
"30","Gard","CHU NIMES","PUI_CHU NIMES","300782117","Moderna",0,0,2023-02-22
"30","Gard","CHU NIMES","PUI_CHU NIMES","300782117","Pifzer BA5",600,3600,2023-02-22
"30","Gard","CHU NIMES","PUI_CHU NIMES","300782117","Sanofi",19,190,2023-02-22
"30","Gard","CHU NIMES","PUI_CHU NIMES","300782117","Moderna BA1",98,490,2023-02-22
"30","Gard","CHU NIMES","PUI_CHU NIMES","300782117","Pfizer",14435,86610,2023-02-22
"30","Gard","CHU NIMES","PUI_CHU NIMES","300782117","Pfizer P<e9>diatrique",4622,46220,2023-02-22
"30","Gard","CHU NIMES","PUI_CHU NIMES","300782117","Nuvaxovid",0,0,2023-02-22
"31","Haute-Garonne","CHU TOULOUSE","PUI_CHU TOULOUSE","310032537","Moderna BA5",10,10,2023-02-22
"31","Haute-Garonne","CHU TOULOUSE","PUI_CHU TOULOUSE","310032537","Pfizer",18573,111438,2023-02-22
"31","Haute-Garonne","CHU TOULOUSE","PUI_CHU TOULOUSE","310032537","Pfizer P<e9>diatrique",6447,64470,2023-02-22
"31","Haute-Garonne","CHU TOULOUSE","PUI_CHU TOULOUSE","310032537","Nuvaxovid",0,0,2023-02-22
"31","Haute-Garonne","CHU TOULOUSE","PUI_CHU TOULOUSE","310032537","Moderna BA1",1,5,2023-02-22
"31","Haute-Garonne","CHU TOULOUSE","PUI_CHU TOULOUSE","310032537","Moderna",0,0,2023-02-22
"31","Haute-Garonne","CHU TOULOUSE","PUI_CHU TOULOUSE","310032537","Pifzer BA5",586,3516,2023-02-22
"32","Gers","CH AUCH EN GASCOGNE","PUI_CH AUCH","320000086","Pfizer P<e9>diatrique",1036,10360,2023-02-22
"32","Gers","CH AUCH EN GASCOGNE","PUI_CH AUCH","320000086","Pfizer",4829,28974,2023-02-22
"32","Gers","CH AUCH EN GASCOGNE","PUI_CH AUCH","320000086","Pifzer BA5",352,2112,2023-02-22
"32","Gers","CH AUCH EN GASCOGNE","PUI_CH AUCH","320000086","Moderna BA1",3,15,2023-02-22
"32","Gers","CH AUCH EN GASCOGNE","PUI_CH AUCH","320000086","Nuvaxovid",0,0,2023-02-22
"32","Gers","CH AUCH EN GASCOGNE","PUI_CH AUCH","320000086","Moderna",215,2150,2023-02-22
"33","Gironde","CHU DE BORDEAUX","CHU DE BORDEAUX - site Pellegrin","330781360","Pfizer",28730,172380,2023-02-22
"33","Gironde","CHU DE BORDEAUX","CHU DE BORDEAUX - site Pellegrin","330781360","Pifzer BA5",646,3876,2023-02-22
"33","Gironde","CHU DE BORDEAUX","CHU DE BORDEAUX - site Pellegrin","330781360","Pfizer P<e9>diatrique",3733,37330,2023-02-22
"33","Gironde","CHU DE BORDEAUX","CHU DE BORDEAUX - site Pellegrin","330781360","Moderna BA1",63,315,2023-02-22
"33","Gironde","CHU DE BORDEAUX","CHU DE BORDEAUX - site Pellegrin","330781360","Nuvaxovid",0,0,2023-02-22
"34","H<e9>rault","CHU MONTPELLIER","PUI_CHU MONTPELLIER","340785161","Pifzer BA5",408,2448,2023-02-22
"34","H<e9>rault","CHU MONTPELLIER","PUI_CHU MONTPELLIER","340785161","Pfizer",15892,95352,2023-02-22
"34","H<e9>rault","CHU MONTPELLIER","PUI_CHU MONTPELLIER","340785161","Pfizer P<e9>diatrique",5414,54140,2023-02-22
"34","H<e9>rault","CHU MONTPELLIER","PUI_CHU MONTPELLIER","340785161","Moderna",4308,43080,2023-02-22
"34","H<e9>rault","CHU MONTPELLIER","PUI_CHU MONTPELLIER","340785161","Moderna BA1",43,215,2023-02-22
"35","Ille-et-Vilaine","CHRU RENNES","PUI CHU DE RENNES","350000741","Pifzer BA5",1760,10560,2023-02-22
"35","Ille-et-Vilaine","CHRU RENNES","PUI CHU DE RENNES","350000741","Pfizer",16937,101622,2023-02-22
"35","Ille-et-Vilaine","CHRU RENNES","PUI CHU DE RENNES","350000741","Nuvaxovid",0,0,2023-02-22
"35","Ille-et-Vilaine","CHRU RENNES","PUI CHU DE RENNES","350000741","Moderna",0,0,2023-02-22
"35","Ille-et-Vilaine","CHRU RENNES","PUI CHU DE RENNES","350000741","Moderna BA1",88,440,2023-02-22
"35","Ille-et-Vilaine","CHRU RENNES","PUI CHU DE RENNES","350000741","Pfizer P<e9>diatrique",5129,51290,2023-02-22
"36","Indre","CH DE CHATEAUROUX  LE BLANC","PUI CH Ch<e2>teauroux","360000137","Nuvaxovid",168,1680,2023-02-22
"36","Indre","CH DE CHATEAUROUX  LE BLANC","PUI CH Ch<e2>teauroux","360000137","Moderna BA1",100,500,2023-02-22
"36","Indre","CH DE CHATEAUROUX  LE BLANC","PUI CH Ch<e2>teauroux","360000137","Moderna",0,0,2023-02-22
"36","Indre","CH DE CHATEAUROUX  LE BLANC","PUI CH Ch<e2>teauroux","360000137","Pifzer BA5",223,1338,2023-02-22
"36","Indre","CH DE CHATEAUROUX  LE BLANC","PUI CH Ch<e2>teauroux","360000137","Pfizer",4636,27816,2023-02-22
"36","Indre","CH DE CHATEAUROUX  LE BLANC","PUI CH Ch<e2>teauroux","360000137","Pfizer P<e9>diatrique",409,4090,2023-02-22
"37","Indre-et-Loire","CHU DE TOURS","Pharmacie Logip<f4>le Trousseau  CHRU Tours","370004467","Nuvaxovid",358,3580,2023-02-22
"37","Indre-et-Loire","CHU DE TOURS","Pharmacie Logip<f4>le Trousseau  CHRU Tours","370004467","Moderna BA1",100,500,2023-02-22
"37","Indre-et-Loire","CHU DE TOURS","Pharmacie Logip<f4>le Trousseau  CHRU Tours","370004467","Pfizer",8943,53658,2023-02-22
"37","Indre-et-Loire","CHU DE TOURS","Pharmacie Logip<f4>le Trousseau  CHRU Tours","370004467","Pfizer P<e9>diatrique",1916,19160,2023-02-22
"37","Indre-et-Loire","CHU DE TOURS","Pharmacie Logip<f4>le Trousseau  CHRU Tours","370004467","Pifzer BA5",135,810,2023-02-22
"37","Indre-et-Loire","CHU DE TOURS","Pharmacie Logip<f4>le Trousseau  CHRU Tours","370004467","Moderna",1889,18890,2023-02-22
"38","Is<e8>re","CHU DE GRENOBLE ALPES","CHU Grenoble Alpes","380000067","Moderna BA1",100,500,2023-02-22
"38","Is<e8>re","CHU DE GRENOBLE ALPES","CHU Grenoble Alpes","380000067","Pifzer BA5",695,4170,2023-02-22
"38","Is<e8>re","CHU DE GRENOBLE ALPES","CHU Grenoble Alpes","380000067","Pfizer",98,588,2023-02-22
"39","Jura","CENTRE HOSPITALIER JURA SUD","PUI CH JURA-SUD - LONS","390000040","Moderna BA1",87,435,2023-02-22
"39","Jura","CENTRE HOSPITALIER JURA SUD","PUI CH JURA-SUD - LONS","390000040","Pifzer BA5",354,2124,2023-02-22
"40","Landes","CHI MONT DE MARSAN ET PAYS DES SOURCES","PUI CH DE MONT DE MARSAN","400000139","Pfizer",5001,30006,2023-02-22
"40","Landes","CHI MONT DE MARSAN ET PAYS DES SOURCES","PUI CH DE MONT DE MARSAN","400000139","Pfizer P<e9>diatrique",1604,16040,2023-02-22
"40","Landes","CHI MONT DE MARSAN ET PAYS DES SOURCES","PUI CH DE MONT DE MARSAN","400000139","Pifzer BA5",760,4560,2023-02-22
"41","Loir-et-Cher","CH BLOIS  SIMONE VEIL","PUI CH Blois","410000020","Pfizer",6891,41346,2023-02-22
"41","Loir-et-Cher","CH BLOIS  SIMONE VEIL","PUI CH Blois","410000020","Pfizer P<e9>diatrique",1036,10360,2023-02-22
"41","Loir-et-Cher","CH BLOIS  SIMONE VEIL","PUI CH Blois","410000020","Moderna BA1",7,35,2023-02-22
"41","Loir-et-Cher","CH BLOIS  SIMONE VEIL","PUI CH Blois","410000020","Pifzer BA5",171,1026,2023-02-22
"42","Loire","CHU DE SAINT-ETIENNE","Pharmacie Hopital NORD","420785354","Moderna BA1",94,470,2023-02-22
"42","Loire","CHU DE SAINT-ETIENNE","Pharmacie Hopital NORD","420785354","Pifzer BA5",872,5232,2023-02-22
"42","Loire","CHU DE SAINT-ETIENNE","Pharmacie Hopital NORD","420785354","Pfizer",6481,38886,2023-02-22
"43","Haute-Loire","CH DU PUY","PUI C.H. EMILE ROUX LE PUY","430000117","Moderna BA1",100,500,2023-02-22
"43","Haute-Loire","CH DU PUY","PUI C.H. EMILE ROUX LE PUY","430000117","Pfizer P<e9>diatrique",509,5090,2023-02-22
"43","Haute-Loire","CH DU PUY","PUI C.H. EMILE ROUX LE PUY","430000117","Pifzer BA5",392,2352,2023-02-22
"43","Haute-Loire","CH DU PUY","PUI C.H. EMILE ROUX LE PUY","430000117","Pfizer",3162,18972,2023-02-22
"44","Loire-Atlantique","CHU DE NANTES","CHU Nantes","440003291","Pifzer BA5",250,1500,2023-02-22
"45","Loiret","CH REGIONAL ORLEANS","PUI CHRO La Source","450002613","Pifzer BA5",593,3558,2023-02-22
"45","Loiret","CH REGIONAL ORLEANS","PUI CHRO La Source","450002613","Moderna BA1",69,345,2023-02-22
"45","Loiret","CH REGIONAL ORLEANS","PUI CHRO La Source","450002613","Pfizer P<e9>diatrique",3584,35840,2023-02-22
"45","Loiret","CH REGIONAL ORLEANS","PUI CHRO La Source","450002613","Pfizer",8775,52650,2023-02-22
"46","Lot","CH JEAN ROUGIER CAHORS","PUI_CH-CAHORS","460000110","Pifzer BA5",379,2274,2023-02-22
"46","Lot","CH JEAN ROUGIER CAHORS","PUI_CH-CAHORS","460000110","Pfizer",3346,20076,2023-02-22
"46","Lot","CH JEAN ROUGIER CAHORS","PUI_CH-CAHORS","460000110","Moderna",231,2310,2023-02-22
"46","Lot","CH JEAN ROUGIER CAHORS","PUI_CH-CAHORS","460000110","Pfizer P<e9>diatrique",169,1690,2023-02-22
"46","Lot","CH JEAN ROUGIER CAHORS","PUI_CH-CAHORS","460000110","Nuvaxovid",165,1650,2023-02-22
"46","Lot","CH JEAN ROUGIER CAHORS","PUI_CH-CAHORS","460000110","Moderna BA1",94,470,2023-02-22
"47","Lot-et-Garonne","CENTRE HOSPITALIER AGEN-NERAC","PUI CENTRE HOSPITALIER AGEN-NERAC","470000423","Pfizer",4015,24090,2023-02-22
"47","Lot-et-Garonne","CENTRE HOSPITALIER AGEN-NERAC","PUI CENTRE HOSPITALIER AGEN-NERAC","470000423","Pfizer P<e9>diatrique",890,8900,2023-02-22
"47","Lot-et-Garonne","CENTRE HOSPITALIER AGEN-NERAC","PUI CENTRE HOSPITALIER AGEN-NERAC","470000423","Pifzer BA5",277,1662,2023-02-22
"47","Lot-et-Garonne","CENTRE HOSPITALIER AGEN-NERAC","PUI CENTRE HOSPITALIER AGEN-NERAC","470000423","Nuvaxovid",286,2860,2023-02-22
"47","Lot-et-Garonne","CENTRE HOSPITALIER AGEN-NERAC","PUI CENTRE HOSPITALIER AGEN-NERAC","470000423","Moderna BA1",98,490,2023-02-22
"48","Loz<e8>re","HOPITAL LOZERE","HOPITAL LOZERE SITE VALLEE DU LOT","480000017","Pfizer",1330,7980,2023-02-22
"48","Loz<e8>re","HOPITAL LOZERE","HOPITAL LOZERE SITE VALLEE DU LOT","480000017","Pfizer P<e9>diatrique",594,5940,2023-02-22
"48","Loz<e8>re","HOPITAL LOZERE","HOPITAL LOZERE SITE VALLEE DU LOT","480000017","Moderna",347,3470,2023-02-22
"48","Loz<e8>re","HOPITAL LOZERE","HOPITAL LOZERE SITE VALLEE DU LOT","480000017","Pifzer BA5",420,2520,2023-02-22
"48","Loz<e8>re","HOPITAL LOZERE","HOPITAL LOZERE SITE VALLEE DU LOT","480000017","Nuvaxovid",111,1110,2023-02-22
"48","Loz<e8>re","HOPITAL LOZERE","HOPITAL LOZERE SITE VALLEE DU LOT","480000017","Moderna BA1",100,500,2023-02-22
"49","Maine-et-Loire","CHR ANGERS","CHU ANGERS","490000049","Pifzer BA5",302,1812,2023-02-22
"49","Maine-et-Loire","CHR ANGERS","CHU ANGERS","490000049","Moderna BA1",75,375,2023-02-22
"49","Maine-et-Loire","CHR ANGERS","CHU ANGERS","490000049","Pfizer P<e9>diatrique",3212,32120,2023-02-22
"49","Maine-et-Loire","CHR ANGERS","CHU ANGERS","490000049","Pfizer",10489,62934,2023-02-22
"49","Maine-et-Loire","CHR ANGERS","CHU ANGERS","490000049","Nuvaxovid",579,5790,2023-02-22
"50","Manche","CH MEMORIAL FRANCE-ETATS-UNIS SAINT-LO","PUI CH SAINT L<d4>","500000450","Pifzer BA5",126,756,2023-02-22
"50","Manche","CH MEMORIAL FRANCE-ETATS-UNIS SAINT-LO","PUI CH SAINT L<d4>","500000450","Pfizer P<e9>diatrique",3432,34320,2023-02-22
"50","Manche","CH MEMORIAL FRANCE-ETATS-UNIS SAINT-LO","PUI CH SAINT L<d4>","500000450","Moderna BA1",9,45,2023-02-22
"50","Manche","CH MEMORIAL FRANCE-ETATS-UNIS SAINT-LO","PUI CH SAINT L<d4>","500000450","Pfizer",11862,71172,2023-02-22
"51","Marne","CHU REIMS","PUI HOPITAL ROBERT DEBRE CHU REIMS","510002447","Pifzer BA5",116,696,2023-02-22
"52","Haute-Marne","CENTRE HOSPITALIER DE CHAUMONT","PUI CENTRE HOSPITALIER DE CHAUMONT","520000027","Pfizer P<e9>diatrique",1027,10270,2023-02-22
"52","Haute-Marne","CENTRE HOSPITALIER DE CHAUMONT","PUI CENTRE HOSPITALIER DE CHAUMONT","520000027","Sanofi",10,100,2023-02-22
"52","Haute-Marne","CENTRE HOSPITALIER DE CHAUMONT","PUI CENTRE HOSPITALIER DE CHAUMONT","520000027","Pifzer BA5",395,2370,2023-02-22
"53","Mayenne","CH DE LAVAL","CH Laval","530000264","Pfizer P<e9>diatrique",2697,26970,2023-02-22
"53","Mayenne","CH DE LAVAL","CH Laval","530000264","Nuvaxovid",278,2780,2023-02-22
"53","Mayenne","CH DE LAVAL","CH Laval","530000264","Moderna BA1",95,475,2023-02-22
"53","Mayenne","CH DE LAVAL","CH Laval","530000264","Moderna",1457,14570,2023-02-22
"53","Mayenne","CH DE LAVAL","CH Laval","530000264","Pfizer BA1",806,4836,2023-02-22
"54","Meurthe-et-Moselle","CHRU DE NANCY","PUI BRABOIS CHRU NANCY","540002698","Sanofi",10,100,2023-02-22
"54","Meurthe-et-Moselle","CHRU DE NANCY","PUI BRABOIS CHRU NANCY","540002698","Pifzer BA5",1351,8106,2023-02-22
"54","Meurthe-et-Moselle","CHRU DE NANCY","PUI BRABOIS CHRU NANCY","540002698","Moderna BA1",61,305,2023-02-22
"54","Meurthe-et-Moselle","CHRU DE NANCY","PUI BRABOIS CHRU NANCY","540002698","Moderna BA5",100,100,2023-02-22
"54","Meurthe-et-Moselle","CHRU DE NANCY","PUI BRABOIS CHRU NANCY","540002698","Pfizer",11724,70344,2023-02-22
"54","Meurthe-et-Moselle","CHRU DE NANCY","PUI BRABOIS CHRU NANCY","540002698","Pfizer P<e9>diatrique 6 mois - 4 ans",10,100,2023-02-22
"54","Meurthe-et-Moselle","CHRU DE NANCY","PUI BRABOIS CHRU NANCY","540002698","Pfizer P<e9>diatrique",3425,34250,2023-02-22
"57","Moselle","CHR METZ-THIONVILLE","HOPITAL DE MERCY - PHARMACIE","570026682","Pifzer BA5",1395,8370,2023-02-22
"57","Moselle","CHR METZ-THIONVILLE","HOPITAL DE MERCY - PHARMACIE","570026682","Nuvaxovid",725,7250,2023-02-22
"57","Moselle","CHR METZ-THIONVILLE","HOPITAL DE MERCY - PHARMACIE","570026682","Pfizer P<e9>diatrique",5803,58030,2023-02-22
"57","Moselle","CHR METZ-THIONVILLE","HOPITAL DE MERCY - PHARMACIE","570026682","Moderna BA1",236,236,2023-02-22
"57","Moselle","CHR METZ-THIONVILLE","HOPITAL DE MERCY - PHARMACIE","570026682","Pfizer",15657,93942,2023-02-22
"57","Moselle","CHR METZ-THIONVILLE","HOPITAL DE MERCY - PHARMACIE","570026682","Sanofi",26,260,2023-02-22
"57","Moselle","CHR METZ-THIONVILLE","HOPITAL DE MERCY - PHARMACIE","570026682","Moderna",5502,55020,2023-02-22
"58","Ni<e8>vre","CHI AGGLOMERATION DE NEVERS","PUI CHA NEVERS","580972693","Moderna",0,0,2023-02-22
"58","Ni<e8>vre","CHI AGGLOMERATION DE NEVERS","PUI CHA NEVERS","580972693","Pifzer BA5",215,1290,2023-02-22
"58","Ni<e8>vre","CHI AGGLOMERATION DE NEVERS","PUI CHA NEVERS","580972693","Pfizer P<e9>diatrique",1078,10780,2023-02-22
"58","Ni<e8>vre","CHI AGGLOMERATION DE NEVERS","PUI CHA NEVERS","580972693","Pfizer",2768,16608,2023-02-22
"58","Ni<e8>vre","CHI AGGLOMERATION DE NEVERS","PUI CHA NEVERS","580972693","Nuvaxovid",162,1620,2023-02-22
"58","Ni<e8>vre","CHI AGGLOMERATION DE NEVERS","PUI CHA NEVERS","580972693","Janssen",10,50,2023-02-22
"59","Nord","CHR LILLE","PUI de CHR LILLE","590000105","Pifzer BA5",395,2370,2023-02-22
"59","Nord","CH DE  VALENCIENNES","PUI de CH VALENCIENNES","590000618","Pifzer BA5",955,5730,2023-02-22
"59","Nord","CH DE  VALENCIENNES","PUI de CH VALENCIENNES","590000618","Pfizer",19388,116328,2023-02-22
"59","Nord","CH DE  VALENCIENNES","PUI de CH VALENCIENNES","590000618","Pfizer P<e9>diatrique",4962,49620,2023-02-22
"59","Nord","CH DE  VALENCIENNES","PUI de CH VALENCIENNES","590000618","Moderna BA1",100,500,2023-02-22
"59","Nord","CHR LILLE","PUI de CHR LILLE","590000105","Pfizer P<e9>diatrique",6599,65990,2023-02-22
"59","Nord","CHR LILLE","PUI de CHR LILLE","590000105","Pfizer",21420,128520,2023-02-22
"62","Pas-de-Calais","CH CALAIS","PUI de CH CALAIS","620000323","Pifzer BA5",1135,6810,2023-02-22
"62","Pas-de-Calais","CH CALAIS","PUI de CH CALAIS","620000323","Moderna",1925,19250,2023-02-22
"62","Pas-de-Calais","CH CALAIS","PUI de CH CALAIS","620000323","Pfizer",14250,85500,2023-02-22
"62","Pas-de-Calais","CH CALAIS","PUI de CH CALAIS","620000323","Pfizer P<e9>diatrique",3540,35400,2023-02-22
"62","Pas-de-Calais","CH CALAIS","PUI de CH CALAIS","620000323","Nuvaxovid",525,5250,2023-02-22
"62","Pas-de-Calais","CH ARRAS","PUI de CH ARRAS","620000034","Pfizer P<e9>diatrique",4253,42530,2023-02-22
"62","Pas-de-Calais","CH ARRAS","PUI de CH ARRAS","620000034","Moderna",3101,31010,2023-02-22
"62","Pas-de-Calais","CH ARRAS","PUI de CH ARRAS","620000034","Moderna BA1",47,235,2023-02-22
"62","Pas-de-Calais","CH ARRAS","PUI de CH ARRAS","620000034","Pfizer",14471,86826,2023-02-22
"62","Pas-de-Calais","CH ARRAS","PUI de CH ARRAS","620000034","Pifzer BA5",531,3186,2023-02-22
"63","Puy-de-D<f4>me","CHU DE CLERMONT-FERRAND","PUI C.H.U. CLERMONT-FERRAND","630000404","Pifzer BA5",515,3090,2023-02-22
"63","Puy-de-D<f4>me","CHU DE CLERMONT-FERRAND","PUI C.H.U. CLERMONT-FERRAND","630000404","Moderna BA1",134,670,2023-02-22
"63","Puy-de-D<f4>me","CHU DE CLERMONT-FERRAND","PUI C.H.U. CLERMONT-FERRAND","630000404","Nuvaxovid",437,4370,2023-02-22
"63","Puy-de-D<f4>me","CHU DE CLERMONT-FERRAND","PUI C.H.U. CLERMONT-FERRAND","630000404","Pfizer P<e9>diatrique",3524,35240,2023-02-22
"63","Puy-de-D<f4>me","CHU DE CLERMONT-FERRAND","PUI C.H.U. CLERMONT-FERRAND","630000404","Moderna",3904,39040,2023-02-22
"63","Puy-de-D<f4>me","CHU DE CLERMONT-FERRAND","PUI C.H.U. CLERMONT-FERRAND","630000404","Pfizer",7159,42954,2023-02-22
"64","Pyr<e9>n<e9>es-Atlantiques","CENTRE HOSPITALIER DE LA COTE BASQUE","PUI CENTRE HOSPITALIER COTE BASQUE","640000162","Moderna BA1",91,455,2023-02-22
"64","Pyr<e9>n<e9>es-Atlantiques","CENTRE HOSPITALIER DE LA COTE BASQUE","PUI CENTRE HOSPITALIER COTE BASQUE","640000162","Pifzer BA5",781,4686,2023-02-22
"64","Pyr<e9>n<e9>es-Atlantiques","CENTRE HOSPITALIER DE PAU","Centre Hospitalier de PAU","640000600","Moderna BA1",55,275,2023-02-22
"64","Pyr<e9>n<e9>es-Atlantiques","CENTRE HOSPITALIER DE PAU","Centre Hospitalier de PAU","640000600","Pfizer P<e9>diatrique",1686,16860,2023-02-22
"64","Pyr<e9>n<e9>es-Atlantiques","CENTRE HOSPITALIER DE PAU","Centre Hospitalier de PAU","640000600","Pfizer",5503,33018,2023-02-22
"64","Pyr<e9>n<e9>es-Atlantiques","CENTRE HOSPITALIER DE PAU","Centre Hospitalier de PAU","640000600","Moderna",0,0,2023-02-22
"64","Pyr<e9>n<e9>es-Atlantiques","CENTRE HOSPITALIER DE PAU","Centre Hospitalier de PAU","640000600","Pifzer BA5",1263,7578,2023-02-22
"64","Pyr<e9>n<e9>es-Atlantiques","CENTRE HOSPITALIER DE PAU","Centre Hospitalier de PAU","640000600","Sanofi",30,300,2023-02-22
"65","Hautes-Pyr<e9>n<e9>es","CH BIGORRE","PUI_CH DE BIGORRE TARBES","650000417","Moderna",2820,28200,2023-02-22
"65","Hautes-Pyr<e9>n<e9>es","CH BIGORRE","PUI_CH DE BIGORRE TARBES","650000417","Pfizer",5303,31818,2023-02-22
"65","Hautes-Pyr<e9>n<e9>es","CH BIGORRE","PUI_CH DE BIGORRE TARBES","650000417","Nuvaxovid",10,100,2023-02-22
"65","Hautes-Pyr<e9>n<e9>es","CH BIGORRE","PUI_CH DE BIGORRE TARBES","650000417","Pifzer BA5",376,2256,2023-02-22
"65","Hautes-Pyr<e9>n<e9>es","CH BIGORRE","PUI_CH DE BIGORRE TARBES","650000417","Pfizer P<e9>diatrique",958,9580,2023-02-22
"66","Pyr<e9>n<e9>es-Orientales","CH PERPIGNAN","PUI_CH PERPIGNAN","660000084","Pfizer",9361,56166,2023-02-22
"66","Pyr<e9>n<e9>es-Orientales","CH PERPIGNAN","PUI_CH PERPIGNAN","660000084","Pfizer P<e9>diatrique",2770,27700,2023-02-22
"66","Pyr<e9>n<e9>es-Orientales","CH PERPIGNAN","PUI_CH PERPIGNAN","660000084","Sanofi",20,200,2023-02-22
"66","Pyr<e9>n<e9>es-Orientales","CH PERPIGNAN","PUI_CH PERPIGNAN","660000084","Pfizer P<e9>diatrique 6 mois - 4 ans",10,100,2023-02-22
"66","Pyr<e9>n<e9>es-Orientales","CH PERPIGNAN","PUI_CH PERPIGNAN","660000084","Pifzer BA5",762,4572,2023-02-22
"66","Pyr<e9>n<e9>es-Orientales","CH PERPIGNAN","PUI_CH PERPIGNAN","660000084","Moderna BA1",190,950,2023-02-22
"67","Bas-Rhin","HOPITAUX UNIVERSITAIRES DE STRASBOURG","Pharmacie P<f4>le Logistique des H<f4>pitaux Universitaires de Strasbourg","670014299","Pifzer BA5",1631,9786,2023-02-22
"67","Bas-Rhin","HOPITAUX UNIVERSITAIRES DE STRASBOURG","Pharmacie P<f4>le Logistique des H<f4>pitaux Universitaires de Strasbourg","670014299","Pfizer",13646,81876,2023-02-22
"67","Bas-Rhin","HOPITAUX UNIVERSITAIRES DE STRASBOURG","Pharmacie P<f4>le Logistique des H<f4>pitaux Universitaires de Strasbourg","670014299","Pfizer P<e9>diatrique",4338,43380,2023-02-22
"67","Bas-Rhin","HOPITAUX UNIVERSITAIRES DE STRASBOURG","Pharmacie P<f4>le Logistique des H<f4>pitaux Universitaires de Strasbourg","670014299","Nuvaxovid",719,7190,2023-02-22
"68","Haut-Rhin","GRPE HOSP REGION MULHOUSE & SUD ALSACE","PUI HOPITAL EMILE MULLER","680004546","Pfizer P<e9>diatrique",1291,12910,2023-02-22
"68","Haut-Rhin","GRPE HOSP REGION MULHOUSE & SUD ALSACE","PUI HOPITAL EMILE MULLER","680004546","Pifzer BA5",680,4080,2023-02-22
"68","Haut-Rhin","GRPE HOSP REGION MULHOUSE & SUD ALSACE","PUI HOPITAL EMILE MULLER","680004546","Pfizer",14811,88866,2023-02-22
"68","Haut-Rhin","GRPE HOSP REGION MULHOUSE & SUD ALSACE","PUI HOPITAL EMILE MULLER","680004546","Moderna",4736,47360,2023-02-22
"69","Rh<f4>ne","CH NORD OUEST VILLEFRANCHE","H<f4>pital Nord Ouest Villefranche sur Sa<f4>ne","690000575","Pifzer BA5",378,2268,2023-02-22
"69","Rh<f4>ne","CH NORD OUEST VILLEFRANCHE","H<f4>pital Nord Ouest Villefranche sur Sa<f4>ne","690000575","Moderna BA1",33,165,2023-02-22
"70","Haute-Sa<f4>ne","GROUPE HOSPITALIER DE HAUTE SAONE","PUI GH DE LA HAUTE-SA<d4>NE","700000029","Pifzer BA5",400,2400,2023-02-22
"70","Haute-Sa<f4>ne","GROUPE HOSPITALIER DE HAUTE SAONE","PUI GH DE LA HAUTE-SA<d4>NE","700000029","Pfizer",2386,14316,2023-02-22
"70","Haute-Sa<f4>ne","GROUPE HOSPITALIER DE HAUTE SAONE","PUI GH DE LA HAUTE-SA<d4>NE","700000029","Sanofi",10,100,2023-02-22
"70","Haute-Sa<f4>ne","GROUPE HOSPITALIER DE HAUTE SAONE","PUI GH DE LA HAUTE-SA<d4>NE","700000029","Moderna BA1",87,435,2023-02-22
"70","Haute-Sa<f4>ne","GROUPE HOSPITALIER DE HAUTE SAONE","PUI GH DE LA HAUTE-SA<d4>NE","700000029","Pfizer P<e9>diatrique",988,9880,2023-02-22
"70","Haute-Sa<f4>ne","GROUPE HOSPITALIER DE HAUTE SAONE","PUI GH DE LA HAUTE-SA<d4>NE","700000029","Nuvaxovid",191,1910,2023-02-22
"71","Sa<f4>ne-et-Loire","CH LES CHANAUX MACON","CH LES CHANAUX MACON - PHARMACIE","710978289","Pfizer",3598,21588,2023-02-22
"71","Sa<f4>ne-et-Loire","CH LES CHANAUX MACON","CH LES CHANAUX MACON - PHARMACIE","710978289","Pifzer BA5",348,2088,2023-02-22
"71","Sa<f4>ne-et-Loire","CH WILLIAM MOREY CHALON SUR SAONE","PUI CH WILLIAM MOREY - CHALON","710978263","Pfizer",3493,20958,2023-02-22
"71","Sa<f4>ne-et-Loire","CH WILLIAM MOREY CHALON SUR SAONE","PUI CH WILLIAM MOREY - CHALON","710978263","Pifzer BA5",235,1410,2023-02-22
"71","Sa<f4>ne-et-Loire","CH WILLIAM MOREY CHALON SUR SAONE","PUI CH WILLIAM MOREY - CHALON","710978263","Pfizer P<e9>diatrique",1640,16400,2023-02-22
"73","Savoie","CH METROPOLE SAVOIE","Pharmacie CHMS site Chamb<e9>ry","730000031","Nuvaxovid",0,0,2023-02-22
"73","Savoie","CH METROPOLE SAVOIE","Pharmacie CHMS site Chamb<e9>ry","730000031","Pifzer BA5",618,3708,2023-02-22
"73","Savoie","CH METROPOLE SAVOIE","Pharmacie CHMS site Chamb<e9>ry","730000031","Pfizer",1973,11838,2023-02-22
"73","Savoie","CH METROPOLE SAVOIE","Pharmacie CHMS site Chamb<e9>ry","730000031","Moderna BA1",31,155,2023-02-22
"74","Haute-Savoie","CH ANNECY GENEVOIS","PUI CH ANNECY-GENEVOIS","740000237","Pfizer P<e9>diatrique",2638,26380,2023-02-22
"74","Haute-Savoie","CH ANNECY GENEVOIS","PUI CH ANNECY-GENEVOIS","740000237","Pfizer",14219,85314,2023-02-22
"74","Haute-Savoie","CH ANNECY GENEVOIS","PUI CH ANNECY-GENEVOIS","740000237","Pifzer BA5",879,5274,2023-02-22
"74","Haute-Savoie","CH ANNECY GENEVOIS","PUI CH ANNECY-GENEVOIS","740000237","Moderna",3971,39710,2023-02-22
"74","Haute-Savoie","CH ANNECY GENEVOIS","PUI CH ANNECY-GENEVOIS","740000237","Moderna BA1",0,0,2023-02-22
"74","Haute-Savoie","CH ANNECY GENEVOIS","PUI CH ANNECY-GENEVOIS","740000237","Nuvaxovid",477,4770,2023-02-22
"75","Paris","GHU PARIS PSY ET NEUROSCIENCES","PUI - SITE SAINTE-ANNE/PERRAY VAUCLUSE","750000499","Pifzer BA5",543,3258,2023-02-22
"75","Paris","ASSISTANCE PUBLIQUE-HOPITAUX DE PARIS","PUI APHP AGEPS","920000122","Pifzer BA5",1610,9660,2023-02-22
"77","Seine-et-Marne","GRAND HOPITAL DE L'EST FRANCILIEN","Grand H<f4>pital de l'Est Francilien (Marne La Vall<e9>e Meaux Coulommiers) - Site de Meaux","770000446","Pfizer",9774,58644,2023-02-22
"77","Seine-et-Marne","GRAND HOPITAL DE L'EST FRANCILIEN","Grand H<f4>pital de l'Est Francilien (Marne La Vall<e9>e Meaux Coulommiers) - Site de Meaux","770000446","Pfizer P<e9>diatrique",2216,22160,2023-02-22
"77","Seine-et-Marne","GRAND HOPITAL DE L'EST FRANCILIEN","Grand H<f4>pital de l'Est Francilien (Marne La Vall<e9>e Meaux Coulommiers) - Site de Meaux","770000446","Pifzer BA5",1213,7278,2023-02-22
"77","Seine-et-Marne","GRPE HOSPITALIER DU SUD ILE DE FRANCE","Groupe hospitalier du Sud Ile-de-France Site Sant<e9>p<f4>le 77","770000156","Pfizer",13005,78030,2023-02-22
"77","Seine-et-Marne","GRPE HOSPITALIER DU SUD ILE DE FRANCE","Groupe hospitalier du Sud Ile-de-France Site Sant<e9>p<f4>le 77","770000156","Pifzer BA5",26,156,2023-02-22
"79","Deux-S<e8>vres","CENTRE HOSPITALIER DE NIORT","PUI CENTRE HOSPITALIER DE NIORT","790000087","Pfizer P<e9>diatrique",1488,14880,2023-02-22
"79","Deux-S<e8>vres","CENTRE HOSPITALIER DE NIORT","PUI CENTRE HOSPITALIER DE NIORT","790000087","Pfizer",7522,45132,2023-02-22
"79","Deux-S<e8>vres","CENTRE HOSPITALIER DE NIORT","PUI CENTRE HOSPITALIER DE NIORT","790000087","Pifzer BA5",761,4566,2023-02-22
"80","Somme","CHU AMIENS PICARDIE","PUI de CHU AMIENS SUD","800006124","Pifzer BA5",599,3594,2023-02-22
"80","Somme","CHU AMIENS PICARDIE","PUI de CHU AMIENS SUD","800006124","Nuvaxovid",577,5770,2023-02-22
"80","Somme","CHU AMIENS PICARDIE","PUI de CHU AMIENS SUD","800006124","Pfizer P<e9>diatrique",2882,28820,2023-02-22
"80","Somme","CHU AMIENS PICARDIE","PUI de CHU AMIENS SUD","800006124","Moderna",1793,17930,2023-02-22
"80","Somme","CHU AMIENS PICARDIE","PUI de CHU AMIENS SUD","800006124","Pfizer",8658,51948,2023-02-22
"81","Tarn","CH ALBI","PUI_CH ALBI","810000505","Pfizer",7417,44502,2023-02-22
"81","Tarn","CH ALBI","PUI_CH ALBI","810000505","Pifzer BA5",781,4686,2023-02-22
"81","Tarn","CH ALBI","PUI_CH ALBI","810000505","Pfizer P<e9>diatrique",1529,15290,2023-02-22
"81","Tarn","CH ALBI","PUI_CH ALBI","810000505","Sanofi",6,60,2023-02-22
"82","Tarn-et-Garonne","CH MONTAUBAN","PUI_CH MONTAUBAN","820000032","Pfizer P<e9>diatrique",1117,11170,2023-02-22
"82","Tarn-et-Garonne","CH MONTAUBAN","PUI_CH MONTAUBAN","820000032","Pfizer",5232,31392,2023-02-22
"82","Tarn-et-Garonne","CH MONTAUBAN","PUI_CH MONTAUBAN","820000032","Moderna",709,7090,2023-02-22
"82","Tarn-et-Garonne","CH MONTAUBAN","PUI_CH MONTAUBAN","820000032","Pifzer BA5",796,4776,2023-02-22
"83","Var","CHI TOULON LA SEYNE SUR MER","CHITS CH SAINTE MUSSE","830000345","Pfizer",21531,129186,2023-02-22
"83","Var","CHI TOULON LA SEYNE SUR MER","CHITS CH SAINTE MUSSE","830000345","Pifzer BA5",431,2586,2023-02-22
"83","Var","CHI TOULON LA SEYNE SUR MER","CHITS CH SAINTE MUSSE","830000345","Moderna BA1",85,425,2023-02-22
"83","Var","CHI TOULON LA SEYNE SUR MER","CHITS CH SAINTE MUSSE","830000345","Moderna",7341,73410,2023-02-22
"83","Var","CHI TOULON LA SEYNE SUR MER","CHITS CH SAINTE MUSSE","830000345","Pfizer P<e9>diatrique",3276,32760,2023-02-22
"83","Var","CHI TOULON LA SEYNE SUR MER","CHITS CH SAINTE MUSSE","830000345","Nuvaxovid",756,7560,2023-02-22
"84","Vaucluse","CH D'AVIGNON HENRI DUFFAUT","PUI CH HENRI DUFFAUT AVIGNON","840001861","Moderna BA1",97,485,2023-02-22
"84","Vaucluse","CH D'AVIGNON HENRI DUFFAUT","PUI CH HENRI DUFFAUT AVIGNON","840001861","Pfizer",5969,35814,2023-02-22
"84","Vaucluse","CH D'AVIGNON HENRI DUFFAUT","PUI CH HENRI DUFFAUT AVIGNON","840001861","Pifzer BA5",429,2574,2023-02-22
"84","Vaucluse","CH D'AVIGNON HENRI DUFFAUT","PUI CH HENRI DUFFAUT AVIGNON","840001861","Pfizer P<e9>diatrique",2200,22000,2023-02-22
"85","Vend<e9>e","CHD LA ROCHE SUR YON LUCON MONTAIGU","CHD Vend<e9>e - site de La Roche Sur Yon","850000142","Moderna",0,0,2023-02-22
"85","Vend<e9>e","CHD LA ROCHE SUR YON LUCON MONTAIGU","CHD Vend<e9>e - site de La Roche Sur Yon","850000142","Pfizer P<e9>diatrique",3471,34710,2023-02-22
"85","Vend<e9>e","CHD LA ROCHE SUR YON LUCON MONTAIGU","CHD Vend<e9>e - site de La Roche Sur Yon","850000142","Pfizer",10987,65922,2023-02-22
"85","Vend<e9>e","CHD LA ROCHE SUR YON LUCON MONTAIGU","CHD Vend<e9>e - site de La Roche Sur Yon","850000142","Pifzer BA5",164,984,2023-02-22
"85","Vend<e9>e","CHD LA ROCHE SUR YON LUCON MONTAIGU","CHD Vend<e9>e - site de La Roche Sur Yon","850000142","Pfizer BA1",480,2880,2023-02-22
"85","Vend<e9>e","CHD LA ROCHE SUR YON LUCON MONTAIGU","CHD Vend<e9>e - site de La Roche Sur Yon","850000142","Nuvaxovid",507,5070,2023-02-22
"85","Vend<e9>e","CHD LA ROCHE SUR YON LUCON MONTAIGU","CHD Vend<e9>e - site de La Roche Sur Yon","850000142","Moderna BA1",40,200,2023-02-22
"86","Vienne","CENTRE HOSP. UNIVERSITAIRE DE POITIERS","CHU DE POITIERS","860000223","Moderna",0,0,2023-02-22
"86","Vienne","CENTRE HOSP. UNIVERSITAIRE DE POITIERS","CHU DE POITIERS","860000223","Moderna BA1",53,65,2023-02-22
"86","Vienne","CENTRE HOSP. UNIVERSITAIRE DE POITIERS","CHU DE POITIERS","860000223","Nuvaxovid",364,3640,2023-02-22
"86","Vienne","CENTRE HOSP. UNIVERSITAIRE DE POITIERS","CHU DE POITIERS","860000223","Pifzer BA5",294,1764,2023-02-22
"86","Vienne","CENTRE HOSP. UNIVERSITAIRE DE POITIERS","CHU DE POITIERS","860000223","Pfizer P<e9>diatrique",1390,13900,2023-02-22
"86","Vienne","CENTRE HOSP. UNIVERSITAIRE DE POITIERS","CHU DE POITIERS","860000223","Pfizer",6671,40026,2023-02-22
"87","Haute-Vienne","C H U  DE  LIMOGES","PUI CHU LIMOGES","870000064","Pfizer P<e9>diatrique",941,9410,2023-02-22
"87","Haute-Vienne","C H U  DE  LIMOGES","PUI CHU LIMOGES","870000064","Pfizer",6741,40446,2023-02-22
"87","Haute-Vienne","C H U  DE  LIMOGES","PUI CHU LIMOGES","870000064","Moderna",0,0,2023-02-22
"87","Haute-Vienne","C H U  DE  LIMOGES","PUI CHU LIMOGES","870000064","Pifzer BA5",1136,6816,2023-02-22
"87","Haute-Vienne","C H U  DE  LIMOGES","PUI CHU LIMOGES","870000064","Janssen",13,65,2023-02-22
"87","Haute-Vienne","C H U  DE  LIMOGES","PUI CHU LIMOGES","870000064","Nuvaxovid",329,3290,2023-02-22
"87","Haute-Vienne","C H U  DE  LIMOGES","PUI CHU LIMOGES","870000064","Moderna BA1",78,390,2023-02-22
"87","Haute-Vienne","C H U  DE  LIMOGES","PUI CHU LIMOGES","870000064","Sanofi",20,200,2023-02-22
"89","Yonne","CH AUXERRE","PUI CH AUXERRE","890975527","Pfizer P<e9>diatrique",980,9800,2023-02-22
"89","Yonne","CH AUXERRE","PUI CH AUXERRE","890975527","Nuvaxovid",168,1680,2023-02-22
"89","Yonne","CH AUXERRE","PUI CH AUXERRE","890975527","Pfizer",2119,12714,2023-02-22
"89","Yonne","CH AUXERRE","PUI CH AUXERRE","890975527","Pifzer BA5",319,1914,2023-02-22
"89","Yonne","CH AUXERRE","PUI CH AUXERRE","890975527","Janssen",30,150,2023-02-22
"89","Yonne","CH AUXERRE","PUI CH AUXERRE","890975527","Moderna BA1",100,500,2023-02-22
"90","Territoire de Belfort","HOPITAL NORD FRANCHE COMTE","PUI HNFC","900003039","Moderna BA1",0,0,2023-02-22
"90","Territoire de Belfort","HOPITAL NORD FRANCHE COMTE","PUI HNFC","900003039","Pifzer BA5",339,2034,2023-02-22
"90","Territoire de Belfort","HOPITAL NORD FRANCHE COMTE","PUI HNFC","900003039","Pfizer P<e9>diatrique 6 mois - 4 ans",5,50,2023-02-22
"91","Essonne","CENTRE HOSPITALIER SUD FRANCILIEN","Centre Hospitalier Sud Francilien","910000314","Pifzer BA5",480,2880,2023-02-22
"91","Essonne","CENTRE HOSPITALIER SUD FRANCILIEN","Centre Hospitalier Sud Francilien","910000314","Pfizer BA1",35,210,2023-02-22
"91","Essonne","CENTRE HOSPITALIER SUD FRANCILIEN","Centre Hospitalier Sud Francilien","910000314","Nuvaxovid",400,4000,2023-02-22
"91","Essonne","CENTRE HOSPITALIER SUD FRANCILIEN","Centre Hospitalier Sud Francilien","910000314","Pfizer",11273,67638,2023-02-22
"91","Essonne","CENTRE HOSPITALIER SUD FRANCILIEN","Centre Hospitalier Sud Francilien","910000314","Moderna",11171,111710,2023-02-22
"91","Essonne","CENTRE HOSPITALIER SUD FRANCILIEN","Centre Hospitalier Sud Francilien","910000314","Pfizer P<e9>diatrique",2998,29980,2023-02-22
"95","Val-d'Oise","CENTRE HOSPITALIER DE GONESSE","Centre Hospitalier de Gonesse","950000331","Pfizer P<e9>diatrique",3185,31850,2023-02-22
"95","Val-d'Oise","CENTRE HOSPITALIER DE GONESSE","Centre Hospitalier de Gonesse","950000331","Pfizer",10297,61782,2023-02-22
"95","Val-d'Oise","CENTRE HOSPITALIER DE GONESSE","Centre Hospitalier de Gonesse","950000331","Pifzer BA5",672,4032,2023-02-22
"971","Guadeloupe","C.H.U. DE LA GUADELOUPE","PUI C.H.U. DE POINTE-A-PITRE/ABYMES","970100442","Moderna BA1",42,210,2023-02-22
"971","Guadeloupe","C.H.U. DE LA GUADELOUPE","PUI C.H.U. DE POINTE-A-PITRE/ABYMES","970100442","Janssen",51,255,2023-02-22
"971","Guadeloupe","C.H.U. DE LA GUADELOUPE","PUI C.H.U. DE POINTE-A-PITRE/ABYMES","970100442","Nuvaxovid",39,390,2023-02-22
"971","Guadeloupe","C.H.U. DE LA GUADELOUPE","PUI C.H.U. DE POINTE-A-PITRE/ABYMES","970100442","Pifzer BA5",979,5874,2023-02-22
"971","Guadeloupe","C.H.U. DE LA GUADELOUPE","PUI C.H.U. DE POINTE-A-PITRE/ABYMES","970100442","Pfizer",4510,27060,2023-02-22
"971","Guadeloupe","C.H.U. DE LA GUADELOUPE","PUI C.H.U. DE POINTE-A-PITRE/ABYMES","970100442","Pfizer P<e9>diatrique",15,150,2023-02-22
"971","Guadeloupe","C.H.U. DE LA GUADELOUPE","PUI C.H.U. DE POINTE-A-PITRE/ABYMES","970100442","Moderna BA5",100,100,2023-02-22
"971","Guadeloupe","C.H.U. DE LA GUADELOUPE","PUI C.H.U. DE POINTE-A-PITRE/ABYMES","970100442","Pfizer P<e9>diatrique 6 mois - 4 ans",100,1000,2023-02-22
"972","Martinique","CHU DE MARTINIQUE","Pharmacie CHUM","970211215","Pfizer",462,2772,2023-02-22
"972","Martinique","CHU DE MARTINIQUE","Pharmacie CHUM","970211215","Nuvaxovid",170,1700,2023-02-22
"972","Martinique","CHU DE MARTINIQUE","Pharmacie CHUM","970211215","Pfizer P<e9>diatrique",517,5170,2023-02-22
"972","Martinique","CHU DE MARTINIQUE","Pharmacie CHUM","970211215","Pifzer BA5",506,3036,2023-02-22
"972","Martinique","CHU DE MARTINIQUE","Pharmacie CHUM","970211215","Sanofi",200,2000,2023-02-22
"973","Guyane","CENTRE HOSPITALIER DE CAYENNE","PUI CENTRE HOSPITALIER  DE CAYENNE","970300026","Pfizer",604,3624,2023-02-22
"01","Ain","CH FLEYRIAT","PUI CENTRE HOSPITALIER BOURG EN BRESSE","010000024","Pfizer Pédiatrique",1373,13730,2023-04-12
"01","Ain","CH FLEYRIAT","PUI CENTRE HOSPITALIER BOURG EN BRESSE","010000024","Pfizer",100,600,2023-04-12
"01","Ain","CH FLEYRIAT","PUI CENTRE HOSPITALIER BOURG EN BRESSE","010000024","Moderna BA1",9,9,2023-04-12
"01","Ain","CH FLEYRIAT","PUI CENTRE HOSPITALIER BOURG EN BRESSE","010000024","Pifzer BA5",254,1524,2023-04-12
"01","Ain","CH FLEYRIAT","PUI CENTRE HOSPITALIER BOURG EN BRESSE","010000024","Nuvaxovid",471,4710,2023-04-12
"03","Allier","CH DE MOULINS YZEURE","PUI CH MOULINS YZEURE","030000061","Pifzer BA5",615,3690,2023-04-12
"03","Allier","CH DE MOULINS YZEURE","PUI CH MOULINS YZEURE","030000061","Pfizer",1914,11484,2023-04-12
"03","Allier","CH DE MOULINS YZEURE","PUI CH MOULINS YZEURE","030000061","Moderna BA1",47,235,2023-04-12
"03","Allier","CH DE MOULINS YZEURE","PUI CH MOULINS YZEURE","030000061","Pfizer Pédiatrique",760,7600,2023-04-12
"03","Allier","CH DE MOULINS YZEURE","PUI CH MOULINS YZEURE","030000061","Nuvaxovid",191,1910,2023-04-12
"04","Alpes-de-Haute-Provence","CENTRE HOSPITALIER DE DIGNE LES BAINS","CH DIGNE-LES-BAINS","040000911","Pfizer",3329,19974,2023-04-12
"04","Alpes-de-Haute-Provence","CENTRE HOSPITALIER DE DIGNE LES BAINS","CH DIGNE-LES-BAINS","040000911","Moderna BA1",86,430,2023-04-12
"04","Alpes-de-Haute-Provence","CENTRE HOSPITALIER DE DIGNE LES BAINS","CH DIGNE-LES-BAINS","040000911","Pfizer Pédiatrique",519,5190,2023-04-12
"04","Alpes-de-Haute-Provence","CENTRE HOSPITALIER DE DIGNE LES BAINS","CH DIGNE-LES-BAINS","040000911","Pifzer BA5",416,2496,2023-04-12
"06","Alpes-Maritimes","CTRE HOSPITALIER UNIVERSITAIRE DE NICE","CHU Nice - Hôpital Archet 2 - Pharmacie","060789195","Pifzer BA5",260,1560,2023-04-12
"06","Alpes-Maritimes","CTRE HOSPITALIER UNIVERSITAIRE DE NICE","CHU Nice - Hôpital Archet 2 - Pharmacie","060789195","Moderna BA1",60,300,2023-04-12
"08","Ardennes","CHI NORD ARDENNES","PUI CH CHARLEVILLE - HOPITAL MANCHESTER","080000425","Pfizer Pédiatrique 6 mois - 4 ans",10,100,2023-04-12
"08","Ardennes","CHI NORD ARDENNES","PUI CH CHARLEVILLE - HOPITAL MANCHESTER","080000425","Moderna BA1",100,500,2023-04-12
"08","Ardennes","CHI NORD ARDENNES","PUI CH CHARLEVILLE - HOPITAL MANCHESTER","080000425","Moderna BA5",10,10,2023-04-12
"08","Ardennes","CHI NORD ARDENNES","PUI CH CHARLEVILLE - HOPITAL MANCHESTER","080000425","Moderna",0,0,2023-04-12
"08","Ardennes","CHI NORD ARDENNES","PUI CH CHARLEVILLE - HOPITAL MANCHESTER","080000425","Pfizer Pédiatrique",1025,10250,2023-04-12
"08","Ardennes","CHI NORD ARDENNES","PUI CH CHARLEVILLE - HOPITAL MANCHESTER","080000425","Pfizer",5446,32676,2023-04-12
"08","Ardennes","CHI NORD ARDENNES","PUI CH CHARLEVILLE - HOPITAL MANCHESTER","080000425","Nuvaxovid",0,0,2023-04-12
"08","Ardennes","CHI NORD ARDENNES","PUI CH CHARLEVILLE - HOPITAL MANCHESTER","080000425","Pifzer BA5",829,4974,2023-04-12
"09","Ariège","CHIVAL","PUI_C H I DES VALLEES D ARIEGE","090000175","Pfizer",1590,9540,2023-04-12
"09","Ariège","CHIVAL","PUI_C H I DES VALLEES D ARIEGE","090000175","Pifzer BA5",264,1584,2023-04-12
"09","Ariège","CHIVAL","PUI_C H I DES VALLEES D ARIEGE","090000175","Pfizer Pédiatrique",0,0,2023-04-12
"09","Ariège","CHIVAL","PUI_C H I DES VALLEES D ARIEGE","090000175","Moderna",0,0,2023-04-12
"09","Ariège","CHIVAL","PUI_C H I DES VALLEES D ARIEGE","090000175","Moderna BA1",4,20,2023-04-12
"09","Ariège","CHIVAL","PUI_C H I DES VALLEES D ARIEGE","090000175","Nuvaxovid",0,0,2023-04-12
"12","Aveyron","CH DE RODEZ HOPITAL JACQUES PUEL","PUI_CH RODEZ","120000039","Moderna BA1",15,75,2023-04-12
"12","Aveyron","CH DE RODEZ HOPITAL JACQUES PUEL","PUI_CH RODEZ","120000039","Pifzer BA5",317,1902,2023-04-12
"13","Bouches-du-Rhône","APHM DIRECTION GENERALE","PUI AP-HM Hôpital Nord","130780521","Moderna BA1",99,495,2023-04-12
"13","Bouches-du-Rhône","APHM DIRECTION GENERALE","PUI AP-HM Hôpital Nord","130780521","Nuvaxovid",1254,12540,2023-04-12
"13","Bouches-du-Rhône","APHM DIRECTION GENERALE","PUI AP-HM Hôpital Nord","130780521","Pfizer Pédiatrique",5977,59770,2023-04-12
"13","Bouches-du-Rhône","APHM DIRECTION GENERALE","PUI AP-HM Hôpital Nord","130780521","Moderna",1606,16060,2023-04-12
"13","Bouches-du-Rhône","APHM DIRECTION GENERALE","PUI AP-HM Hôpital Nord","130780521","Pfizer Pédiatrique 6 mois - 4 ans",6,60,2023-04-12
"13","Bouches-du-Rhône","APHM DIRECTION GENERALE","PUI AP-HM Hôpital Nord","130780521","Pifzer BA5",512,3072,2023-04-12
"13","Bouches-du-Rhône","APHM DIRECTION GENERALE","PUI AP-HM Hôpital Nord","130780521","Pfizer",10377,62262,2023-04-12
"14","Calvados","CHU DE CAEN NORMANDIE","PUI CHU CAEN","140000209","Moderna BA1",6,30,2023-04-12
"14","Calvados","CHU DE CAEN NORMANDIE","PUI CHU CAEN","140000209","Pfizer BA1",0,0,2023-04-12
"14","Calvados","CHU DE CAEN NORMANDIE","PUI CHU CAEN","140000209","Moderna",0,0,2023-04-12
"14","Calvados","CHU DE CAEN NORMANDIE","PUI CHU CAEN","140000209","Nuvaxovid",0,0,2023-04-12
"14","Calvados","CHU DE CAEN NORMANDIE","PUI CHU CAEN","140000209","Pfizer",12515,75090,2023-04-12
"14","Calvados","CHU DE CAEN NORMANDIE","PUI CHU CAEN","140000209","Pfizer Pédiatrique",0,0,2023-04-12
"15","Cantal","CH D'AURILLAC","PUI C.H. HENRI MONDOR AURILLAC","150000040","Moderna BA1",91,455,2023-04-12
"15","Cantal","CH D'AURILLAC","PUI C.H. HENRI MONDOR AURILLAC","150000040","Pfizer",2217,13302,2023-04-12
"15","Cantal","CH D'AURILLAC","PUI C.H. HENRI MONDOR AURILLAC","150000040","Pifzer BA5",207,1242,2023-04-12
"16","Charente","CENTRE HOSPITALIER D'ANGOULEME","PUI CENTRE HOSPITALIER  ANGOULEME","160000253","Pifzer BA5",575,3450,2023-04-12
"16","Charente","CENTRE HOSPITALIER D'ANGOULEME","PUI CENTRE HOSPITALIER  ANGOULEME","160000253","Moderna BA5",4,4,2023-04-12
"16","Charente","CENTRE HOSPITALIER D'ANGOULEME","PUI CENTRE HOSPITALIER  ANGOULEME","160000253","Sanofi",10,100,2023-04-12
"16","Charente","CENTRE HOSPITALIER D'ANGOULEME","PUI CENTRE HOSPITALIER  ANGOULEME","160000253","Moderna BA1",90,450,2023-04-12
"16","Charente","CENTRE HOSPITALIER D'ANGOULEME","PUI CENTRE HOSPITALIER  ANGOULEME","160000253","Nuvaxovid",10,100,2023-04-12
"19","Corrèze","CENTRE HOSPITALIER DUBOIS BRIVE","PUI CENTRE HOSPITALIER  BRIVE","190000018","Pifzer BA5",522,3132,2023-04-12
"19","Corrèze","CENTRE HOSPITALIER DUBOIS BRIVE","PUI CENTRE HOSPITALIER  BRIVE","190000018","Pfizer Pédiatrique",460,4600,2023-04-12
"19","Corrèze","CENTRE HOSPITALIER DUBOIS BRIVE","PUI CENTRE HOSPITALIER  BRIVE","190000018","Pfizer",3128,18768,2023-04-12
"19","Corrèze","CENTRE HOSPITALIER DUBOIS BRIVE","PUI CENTRE HOSPITALIER  BRIVE","190000018","Nuvaxovid",0,0,2023-04-12
"21","Côte-d'Or","CHU DIJON BOURGOGNE","PUI CHU DIJON","210987558","Pfizer",8481,50886,2023-04-12
"21","Côte-d'Or","CHU DIJON BOURGOGNE","PUI CHU DIJON","210987558","Pfizer Pédiatrique 6 mois - 4 ans",10,100,2023-04-12
"21","Côte-d'Or","CHU DIJON BOURGOGNE","PUI CHU DIJON","210987558","Pfizer Pédiatrique",2616,26160,2023-04-12
"21","Côte-d'Or","CHU DIJON BOURGOGNE","PUI CHU DIJON","210987558","Moderna BA1",83,415,2023-04-12
"21","Côte-d'Or","CHU DIJON BOURGOGNE","PUI CHU DIJON","210987558","Sanofi",10,100,2023-04-12
"21","Côte-d'Or","CHU DIJON BOURGOGNE","PUI CHU DIJON","210987558","Pifzer BA5",119,714,2023-04-12
"21","Côte-d'Or","CHU DIJON BOURGOGNE","PUI CHU DIJON","210987558","Moderna BA5",23,23,2023-04-12
"23","Creuse","CENTRE HOSPITALIER DE GUERET","CH GUERET","230000820","Pfizer",1985,11910,2023-04-12
"23","Creuse","CENTRE HOSPITALIER DE GUERET","CH GUERET","230000820","Moderna BA1",100,500,2023-04-12
"23","Creuse","CENTRE HOSPITALIER DE GUERET","CH GUERET","230000820","Pfizer Pédiatrique",585,5850,2023-04-12
"23","Creuse","CENTRE HOSPITALIER DE GUERET","CH GUERET","230000820","Pfizer Pédiatrique 6 mois - 4 ans",10,100,2023-04-12
"23","Creuse","CENTRE HOSPITALIER DE GUERET","CH GUERET","230000820","Sanofi",20,200,2023-04-12
"23","Creuse","CENTRE HOSPITALIER DE GUERET","CH GUERET","230000820","Pifzer BA5",797,4782,2023-04-12
"24","Dordogne","CENTRE HOSPITALIER DE PERIGUEUX","PUI CENTRE HOSPITALIER PERIGUEUX","240000489","Nuvaxovid",328,3280,2023-04-12
"24","Dordogne","CENTRE HOSPITALIER DE PERIGUEUX","PUI CENTRE HOSPITALIER PERIGUEUX","240000489","Pfizer Pédiatrique",938,9380,2023-04-12
"24","Dordogne","CENTRE HOSPITALIER DE PERIGUEUX","PUI CENTRE HOSPITALIER PERIGUEUX","240000489","Moderna BA5",100,100,2023-04-12
"24","Dordogne","CENTRE HOSPITALIER DE PERIGUEUX","PUI CENTRE HOSPITALIER PERIGUEUX","240000489","Pfizer",4452,26712,2023-04-12
"24","Dordogne","CENTRE HOSPITALIER DE PERIGUEUX","PUI CENTRE HOSPITALIER PERIGUEUX","240000489","Pifzer BA5",303,1818,2023-04-12
"25","Doubs","CHRU BESANCON","PUI CHU BESANCON","250006954","Pfizer Pédiatrique",2719,27190,2023-04-12
"25","Doubs","CHRU BESANCON","PUI CHU BESANCON","250006954","Pfizer",8735,52410,2023-04-12
"25","Doubs","CHRU BESANCON","PUI CHU BESANCON","250006954","Pfizer Pédiatrique 6 mois - 4 ans",5,50,2023-04-12
"25","Doubs","CHRU BESANCON","PUI CHU BESANCON","250006954","Pifzer BA5",127,762,2023-04-12
"25","Doubs","CHRU BESANCON","PUI CHU BESANCON","250006954","Moderna BA1",35,175,2023-04-12
"27","Eure","CH EURE-SEINE","PUI CHI EURE SEINE","270000458","Pifzer BA5",240,1440,2023-04-12
"28","Eure-et-Loir","CH DE CHARTRES","PUI CH Chartres","280504267","Pifzer BA5",120,720,2023-04-12
"28","Eure-et-Loir","CH DE CHARTRES","PUI CH Chartres","280504267","Pfizer",7255,43530,2023-04-12
"28","Eure-et-Loir","CH DE CHARTRES","PUI CH Chartres","280504267","Pfizer Pédiatrique",2548,25480,2023-04-12
"28","Eure-et-Loir","CH DE CHARTRES","PUI CH Chartres","280504267","Moderna BA1",67,335,2023-04-12
"29","Finistère","CHRU BREST","PUI C.H.U.  BREST","290004324","Pfizer Pédiatrique 6 mois - 4 ans",8,80,2023-04-12
"29","Finistère","CHRU BREST","PUI C.H.U.  BREST","290004324","Pifzer BA5",1486,8916,2023-04-12
"29","Finistère","CHRU BREST","PUI C.H.U.  BREST","290004324","Pfizer",16448,98688,2023-04-12
"29","Finistère","CHRU BREST","PUI C.H.U.  BREST","290004324","Pfizer Pédiatrique",3039,30390,2023-04-12
"29","Finistère","CHRU BREST","PUI C.H.U.  BREST","290004324","Moderna BA1",66,330,2023-04-12
"29","Finistère","CHRU BREST","PUI C.H.U.  BREST","290004324","Sanofi",10,100,2023-04-12
"2B","Haute-Corse","CENTRE HOSPITALIER DE BASTIA","PUI CH BASTIA","2B0000012","Nuvaxovid",201,2010,2023-04-12
"2B","Haute-Corse","CENTRE HOSPITALIER DE BASTIA","PUI CH BASTIA","2B0000012","Pfizer Pédiatrique",1139,11390,2023-04-12
"2B","Haute-Corse","CENTRE HOSPITALIER DE BASTIA","PUI CH BASTIA","2B0000012","Moderna BA1",116,116,2023-04-12
"2B","Haute-Corse","CENTRE HOSPITALIER DE BASTIA","PUI CH BASTIA","2B0000012","Pfizer Pédiatrique 6 mois - 4 ans",10,100,2023-04-12
"2B","Haute-Corse","CENTRE HOSPITALIER DE BASTIA","PUI CH BASTIA","2B0000012","Pifzer BA5",697,4182,2023-04-12
"2B","Haute-Corse","CENTRE HOSPITALIER DE BASTIA","PUI CH BASTIA","2B0000012","Pfizer",4687,28122,2023-04-12
"30","Gard","CHU NIMES","PUI_CHU NIMES","300782117","Pifzer BA5",672,4032,2023-04-12
"30","Gard","CHU NIMES","PUI_CHU NIMES","300782117","Moderna BA5",80,80,2023-04-12
"30","Gard","CHU NIMES","PUI_CHU NIMES","300782117","Sanofi",19,190,2023-04-12
"30","Gard","CHU NIMES","PUI_CHU NIMES","300782117","Moderna BA1",97,485,2023-04-12
"30","Gard","CHU NIMES","PUI_CHU NIMES","300782117","Pfizer Pédiatrique 6 mois - 4 ans",10,100,2023-04-12
"30","Gard","CHU NIMES","PUI_CHU NIMES","300782117","Pfizer Pédiatrique",4622,46220,2023-04-12
"30","Gard","CHU NIMES","PUI_CHU NIMES","300782117","Pfizer",14426,86556,2023-04-12
"31","Haute-Garonne","CHU TOULOUSE","PUI_CHU TOULOUSE","310032537","Pfizer",18573,111438,2023-04-12
"31","Haute-Garonne","CHU TOULOUSE","PUI_CHU TOULOUSE","310032537","Pfizer Pédiatrique 6 mois - 4 ans",20,200,2023-04-12
"31","Haute-Garonne","CHU TOULOUSE","PUI_CHU TOULOUSE","310032537","Moderna",0,0,2023-04-12
"31","Haute-Garonne","CHU TOULOUSE","PUI_CHU TOULOUSE","310032537","Pfizer Pédiatrique",6447,64470,2023-04-12
"31","Haute-Garonne","CHU TOULOUSE","PUI_CHU TOULOUSE","310032537","Moderna BA1",1,5,2023-04-12
"31","Haute-Garonne","CHU TOULOUSE","PUI_CHU TOULOUSE","310032537","Pifzer BA5",586,3516,2023-04-12
"31","Haute-Garonne","CHU TOULOUSE","PUI_CHU TOULOUSE","310032537","Moderna BA5",0,0,2023-04-12
"31","Haute-Garonne","CHU TOULOUSE","PUI_CHU TOULOUSE","310032537","Nuvaxovid",0,0,2023-04-12
"32","Gers","CH AUCH EN GASCOGNE","PUI_CH AUCH","320000086","Moderna",215,2150,2023-04-12
"32","Gers","CH AUCH EN GASCOGNE","PUI_CH AUCH","320000086","Moderna BA1",1,5,2023-04-12
"32","Gers","CH AUCH EN GASCOGNE","PUI_CH AUCH","320000086","Pfizer",4829,28974,2023-04-12
"32","Gers","CH AUCH EN GASCOGNE","PUI_CH AUCH","320000086","Nuvaxovid",0,0,2023-04-12
"32","Gers","CH AUCH EN GASCOGNE","PUI_CH AUCH","320000086","Pifzer BA5",352,2112,2023-04-12
"32","Gers","CH AUCH EN GASCOGNE","PUI_CH AUCH","320000086","Pfizer Pédiatrique",1036,10360,2023-04-12
"33","Gironde","CHU DE BORDEAUX","CHU DE BORDEAUX - site Pellegrin","330781360","Pfizer",28723,172338,2023-04-12
"33","Gironde","CHU DE BORDEAUX","CHU DE BORDEAUX - site Pellegrin","330781360","Pifzer BA5",555,3330,2023-04-12
"33","Gironde","CHU DE BORDEAUX","CHU DE BORDEAUX - site Pellegrin","330781360","Pfizer Pédiatrique 6 mois - 4 ans",16,160,2023-04-12
"33","Gironde","CHU DE BORDEAUX","CHU DE BORDEAUX - site Pellegrin","330781360","Pfizer Pédiatrique",3732,37320,2023-04-12
"33","Gironde","CHU DE BORDEAUX","CHU DE BORDEAUX - site Pellegrin","330781360","Moderna BA1",61,305,2023-04-12
"34","Hérault","CHU MONTPELLIER","PUI_CHU MONTPELLIER","340785161","Moderna",4308,43080,2023-04-12
"34","Hérault","CHU MONTPELLIER","PUI_CHU MONTPELLIER","340785161","Pfizer Pédiatrique",5414,54140,2023-04-12
"34","Hérault","CHU MONTPELLIER","PUI_CHU MONTPELLIER","340785161","Pifzer BA5",387,2322,2023-04-12
"34","Hérault","CHU MONTPELLIER","PUI_CHU MONTPELLIER","340785161","Moderna BA1",43,215,2023-04-12
"34","Hérault","CHU MONTPELLIER","PUI_CHU MONTPELLIER","340785161","Pfizer",15886,95316,2023-04-12
"34","Hérault","CHU MONTPELLIER","PUI_CHU MONTPELLIER","340785161","Pfizer Pédiatrique 6 mois - 4 ans",20,200,2023-04-12
"35","Ille-et-Vilaine","CHRU RENNES","PUI CHU DE RENNES","350000741","Pfizer",16935,101610,2023-04-12
"35","Ille-et-Vilaine","CHRU RENNES","PUI CHU DE RENNES","350000741","Moderna BA1",88,440,2023-04-12
"35","Ille-et-Vilaine","CHRU RENNES","PUI CHU DE RENNES","350000741","Pfizer Pédiatrique",5129,51290,2023-04-12
"35","Ille-et-Vilaine","CHRU RENNES","PUI CHU DE RENNES","350000741","Pifzer BA5",1740,10440,2023-04-12
"36","Indre","CH DE CHATEAUROUX  LE BLANC","PUI CH Châteauroux","360000137","Pifzer BA5",203,1218,2023-04-12
"36","Indre","CH DE CHATEAUROUX  LE BLANC","PUI CH Châteauroux","360000137","Nuvaxovid",168,1680,2023-04-12
"36","Indre","CH DE CHATEAUROUX  LE BLANC","PUI CH Châteauroux","360000137","Moderna",0,0,2023-04-12
"36","Indre","CH DE CHATEAUROUX  LE BLANC","PUI CH Châteauroux","360000137","Moderna BA1",100,500,2023-04-12
"36","Indre","CH DE CHATEAUROUX  LE BLANC","PUI CH Châteauroux","360000137","Pfizer Pédiatrique",409,4090,2023-04-12
"36","Indre","CH DE CHATEAUROUX  LE BLANC","PUI CH Châteauroux","360000137","Pfizer",4635,27810,2023-04-12
"37","Indre-et-Loire","CHU DE TOURS","Pharmacie Logipôle Trousseau  CHRU Tours","370004467","Moderna BA1",0,0,2023-04-12
"37","Indre-et-Loire","CHU DE TOURS","Pharmacie Logipôle Trousseau  CHRU Tours","370004467","Nuvaxovid",368,3680,2023-04-12
"37","Indre-et-Loire","CHU DE TOURS","Pharmacie Logipôle Trousseau  CHRU Tours","370004467","Sanofi",100,1000,2023-04-12
"37","Indre-et-Loire","CHU DE TOURS","Pharmacie Logipôle Trousseau  CHRU Tours","370004467","Pfizer",8942,53652,2023-04-12
"37","Indre-et-Loire","CHU DE TOURS","Pharmacie Logipôle Trousseau  CHRU Tours","370004467","Pifzer BA5",117,702,2023-04-12
"37","Indre-et-Loire","CHU DE TOURS","Pharmacie Logipôle Trousseau  CHRU Tours","370004467","Moderna",0,0,2023-04-12
"37","Indre-et-Loire","CHU DE TOURS","Pharmacie Logipôle Trousseau  CHRU Tours","370004467","Pfizer Pédiatrique",1916,19160,2023-04-12
"37","Indre-et-Loire","CHU DE TOURS","Pharmacie Logipôle Trousseau  CHRU Tours","370004467","Pfizer Pédiatrique 6 mois - 4 ans",10,100,2023-04-12
"38","Isère","CHU DE GRENOBLE ALPES","CHU Grenoble Alpes","380000067","Pifzer BA5",695,4170,2023-04-12
"39","Jura","CENTRE HOSPITALIER JURA SUD","PUI CH JURA-SUD - LONS","390000040","Pifzer BA5",334,2004,2023-04-12
"39","Jura","CENTRE HOSPITALIER JURA SUD","PUI CH JURA-SUD - LONS","390000040","Moderna BA1",87,435,2023-04-12
"40","Landes","CHI MONT DE MARSAN ET PAYS DES SOURCES","PUI CH DE MONT DE MARSAN","400000139","Pfizer Pédiatrique",1604,16040,2023-04-12
"40","Landes","CHI MONT DE MARSAN ET PAYS DES SOURCES","PUI CH DE MONT DE MARSAN","400000139","Pifzer BA5",710,4260,2023-04-12
"40","Landes","CHI MONT DE MARSAN ET PAYS DES SOURCES","PUI CH DE MONT DE MARSAN","400000139","Pfizer",5001,30006,2023-04-12
"41","Loir-et-Cher","CH BLOIS  SIMONE VEIL","PUI CH Blois","410000020","Pifzer BA5",149,894,2023-04-12
"41","Loir-et-Cher","CH BLOIS  SIMONE VEIL","PUI CH Blois","410000020","Pfizer",6891,41346,2023-04-12
"41","Loir-et-Cher","CH BLOIS  SIMONE VEIL","PUI CH Blois","410000020","Moderna BA1",7,35,2023-04-12
"41","Loir-et-Cher","CH BLOIS  SIMONE VEIL","PUI CH Blois","410000020","Pfizer Pédiatrique",1036,10360,2023-04-12
"42","Loire","CHU DE SAINT-ETIENNE","Pharmacie Hopital NORD","420785354","Pifzer BA5",868,5208,2023-04-12
"42","Loire","CHU DE SAINT-ETIENNE","Pharmacie Hopital NORD","420785354","Moderna BA1",94,470,2023-04-12
"44","Loire-Atlantique","CHU DE NANTES","CHU Nantes","440003291","Pifzer BA5",228,1368,2023-04-12
"45","Loiret","CH REGIONAL ORLEANS","PUI CHRO La Source","450002613","Pifzer BA5",567,3402,2023-04-12
"45","Loiret","CH REGIONAL ORLEANS","PUI CHRO La Source","450002613","Moderna BA1",59,295,2023-04-12
"45","Loiret","CH REGIONAL ORLEANS","PUI CHRO La Source","450002613","Pfizer Pédiatrique 6 mois - 4 ans",10,100,2023-04-12
"46","Lot","CH JEAN ROUGIER CAHORS","PUI_CH-CAHORS","460000110","Pifzer BA5",376,2256,2023-04-12
"46","Lot","CH JEAN ROUGIER CAHORS","PUI_CH-CAHORS","460000110","Moderna BA1",94,470,2023-04-12
"46","Lot","CH JEAN ROUGIER CAHORS","PUI_CH-CAHORS","460000110","Pfizer Pédiatrique",168,1680,2023-04-12
"46","Lot","CH JEAN ROUGIER CAHORS","PUI_CH-CAHORS","460000110","Moderna",231,2310,2023-04-12
"46","Lot","CH JEAN ROUGIER CAHORS","PUI_CH-CAHORS","460000110","Nuvaxovid",165,1650,2023-04-12
"46","Lot","CH JEAN ROUGIER CAHORS","PUI_CH-CAHORS","460000110","Pfizer",3344,20064,2023-04-12
"48","Lozère","HOPITAL LOZERE","HOPITAL LOZERE SITE VALLEE DU LOT","480000017","Moderna",347,3470,2023-04-12
"48","Lozère","HOPITAL LOZERE","HOPITAL LOZERE SITE VALLEE DU LOT","480000017","Pfizer",1320,7920,2023-04-12
"48","Lozère","HOPITAL LOZERE","HOPITAL LOZERE SITE VALLEE DU LOT","480000017","Pfizer Pédiatrique",592,5920,2023-04-12
"48","Lozère","HOPITAL LOZERE","HOPITAL LOZERE SITE VALLEE DU LOT","480000017","Nuvaxovid",111,1110,2023-04-12
"48","Lozère","HOPITAL LOZERE","HOPITAL LOZERE SITE VALLEE DU LOT","480000017","Pifzer BA5",400,2400,2023-04-12
"48","Lozère","HOPITAL LOZERE","HOPITAL LOZERE SITE VALLEE DU LOT","480000017","Moderna BA1",100,500,2023-04-12
"49","Maine-et-Loire","CHR ANGERS","CHU ANGERS","490000049","Pfizer Pédiatrique",3212,32120,2023-04-12
"49","Maine-et-Loire","CHR ANGERS","CHU ANGERS","490000049","Moderna BA1",75,375,2023-04-12
"49","Maine-et-Loire","CHR ANGERS","CHU ANGERS","490000049","Pifzer BA5",282,1692,2023-04-12
"49","Maine-et-Loire","CHR ANGERS","CHU ANGERS","490000049","Pfizer",10489,62934,2023-04-12
"49","Maine-et-Loire","CHR ANGERS","CHU ANGERS","490000049","Nuvaxovid",579,5790,2023-04-12
"50","Manche","CH MEMORIAL FRANCE-ETATS-UNIS SAINT-LO","PUI CH SAINT LÔ","500000450","Pfizer Pédiatrique",3432,34320,2023-04-12
"50","Manche","CH MEMORIAL FRANCE-ETATS-UNIS SAINT-LO","PUI CH SAINT LÔ","500000450","Pfizer",11862,71172,2023-04-12
"50","Manche","CH MEMORIAL FRANCE-ETATS-UNIS SAINT-LO","PUI CH SAINT LÔ","500000450","Pifzer BA5",122,732,2023-04-12
"50","Manche","CH MEMORIAL FRANCE-ETATS-UNIS SAINT-LO","PUI CH SAINT LÔ","500000450","Moderna BA5",145,145,2023-04-12
"50","Manche","CH MEMORIAL FRANCE-ETATS-UNIS SAINT-LO","PUI CH SAINT LÔ","500000450","Moderna BA1",8,40,2023-04-12
"52","Haute-Marne","CENTRE HOSPITALIER DE CHAUMONT","PUI CENTRE HOSPITALIER DE CHAUMONT","520000027","Pifzer BA5",392,2352,2023-04-12
"53","Mayenne","CH DE LAVAL","CH Laval","530000264","Pfizer BA1",805,4830,2023-04-12
"54","Meurthe-et-Moselle","CHRU DE NANCY","PUI BRABOIS CHRU NANCY","540002698","Moderna BA1",61,305,2023-04-12
"54","Meurthe-et-Moselle","CHRU DE NANCY","PUI BRABOIS CHRU NANCY","540002698","Moderna BA5",100,100,2023-04-12
"54","Meurthe-et-Moselle","CHRU DE NANCY","PUI BRABOIS CHRU NANCY","540002698","Pfizer Pédiatrique 6 mois - 4 ans",10,100,2023-04-12
"54","Meurthe-et-Moselle","CHRU DE NANCY","PUI BRABOIS CHRU NANCY","540002698","Pfizer",11723,70338,2023-04-12
"54","Meurthe-et-Moselle","CHRU DE NANCY","PUI BRABOIS CHRU NANCY","540002698","Sanofi",10,100,2023-04-12
"54","Meurthe-et-Moselle","CHRU DE NANCY","PUI BRABOIS CHRU NANCY","540002698","Pifzer BA5",1327,7962,2023-04-12
"54","Meurthe-et-Moselle","CHRU DE NANCY","PUI BRABOIS CHRU NANCY","540002698","Pfizer Pédiatrique",3423,34230,2023-04-12
"57","Moselle","CHR METZ-THIONVILLE","HOPITAL DE MERCY - PHARMACIE","570026682","Nuvaxovid",725,7250,2023-04-12
"57","Moselle","CHR METZ-THIONVILLE","HOPITAL DE MERCY - PHARMACIE","570026682","Pifzer BA5",1380,8280,2023-04-12
"57","Moselle","CHR METZ-THIONVILLE","HOPITAL DE MERCY - PHARMACIE","570026682","Moderna BA1",235,235,2023-04-12
"57","Moselle","CHR METZ-THIONVILLE","HOPITAL DE MERCY - PHARMACIE","570026682","Pfizer",15650,93900,2023-04-12
"57","Moselle","CHR METZ-THIONVILLE","HOPITAL DE MERCY - PHARMACIE","570026682","Pfizer Pédiatrique",5803,58030,2023-04-12
"57","Moselle","CHR METZ-THIONVILLE","HOPITAL DE MERCY - PHARMACIE","570026682","Moderna",5502,55020,2023-04-12
"57","Moselle","CHR METZ-THIONVILLE","HOPITAL DE MERCY - PHARMACIE","570026682","Sanofi",26,260,2023-04-12
"58","Nièvre","CHI AGGLOMERATION DE NEVERS","PUI CHA NEVERS","580972693","Pfizer Pédiatrique",1078,10780,2023-04-12
"58","Nièvre","CHI AGGLOMERATION DE NEVERS","PUI CHA NEVERS","580972693","Pifzer BA5",206,1236,2023-04-12
"58","Nièvre","CHI AGGLOMERATION DE NEVERS","PUI CHA NEVERS","580972693","Pfizer",2768,16608,2023-04-12
"58","Nièvre","CHI AGGLOMERATION DE NEVERS","PUI CHA NEVERS","580972693","Nuvaxovid",162,1620,2023-04-12
"58","Nièvre","CHI AGGLOMERATION DE NEVERS","PUI CHA NEVERS","580972693","Janssen",10,50,2023-04-12
"59","Nord","CHR LILLE","PUI de CHR LILLE","590000105","Pfizer",21415,128490,2023-04-12
"59","Nord","CHR LILLE","PUI de CHR LILLE","590000105","Pfizer Pédiatrique",6599,65990,2023-04-12
"59","Nord","CHR LILLE","PUI de CHR LILLE","590000105","Pifzer BA5",290,1740,2023-04-12
"59","Nord","CH DE  VALENCIENNES","PUI de CH VALENCIENNES","590000618","Moderna BA1",100,500,2023-04-12
"59","Nord","CH DE  VALENCIENNES","PUI de CH VALENCIENNES","590000618","Pifzer BA5",941,5646,2023-04-12
"59","Nord","CH DE  VALENCIENNES","PUI de CH VALENCIENNES","590000618","Pfizer Pédiatrique",4962,49620,2023-04-12
"59","Nord","CH DE  VALENCIENNES","PUI de CH VALENCIENNES","590000618","Pfizer",19388,116328,2023-04-12
"62","Pas-de-Calais","CH CALAIS","PUI de CH CALAIS","620000323","Pifzer BA5",168,1008,2023-04-12
"62","Pas-de-Calais","CH ARRAS","PUI de CH ARRAS","620000034","Pifzer BA5",507,3042,2023-04-12
"62","Pas-de-Calais","CH ARRAS","PUI de CH ARRAS","620000034","Pfizer Pédiatrique",4253,42530,2023-04-12
"62","Pas-de-Calais","CH ARRAS","PUI de CH ARRAS","620000034","Pfizer",14470,86820,2023-04-12
"62","Pas-de-Calais","CH ARRAS","PUI de CH ARRAS","620000034","Moderna",3101,31010,2023-04-12
"62","Pas-de-Calais","CH ARRAS","PUI de CH ARRAS","620000034","Moderna BA1",47,235,2023-04-12
"64","Pyrénées-Atlantiques","CENTRE HOSPITALIER DE LA COTE BASQUE","PUI CENTRE HOSPITALIER COTE BASQUE","640000162","Moderna BA1",91,91,2023-04-12
"64","Pyrénées-Atlantiques","CENTRE HOSPITALIER DE LA COTE BASQUE","PUI CENTRE HOSPITALIER COTE BASQUE","640000162","Pifzer BA5",778,4668,2023-04-12
"64","Pyrénées-Atlantiques","CENTRE HOSPITALIER DE LA COTE BASQUE","PUI CENTRE HOSPITALIER COTE BASQUE","640000162","Nuvaxovid",267,2670,2023-04-12
"64","Pyrénées-Atlantiques","CENTRE HOSPITALIER DE PAU","Centre Hospitalier de PAU","640000600","Moderna",0,0,2023-04-12
"64","Pyrénées-Atlantiques","CENTRE HOSPITALIER DE PAU","Centre Hospitalier de PAU","640000600","Pfizer Pédiatrique",1686,16860,2023-04-12
"64","Pyrénées-Atlantiques","CENTRE HOSPITALIER DE PAU","Centre Hospitalier de PAU","640000600","Pifzer BA5",1253,7518,2023-04-12
"64","Pyrénées-Atlantiques","CENTRE HOSPITALIER DE PAU","Centre Hospitalier de PAU","640000600","Pfizer",5500,33000,2023-04-12
"64","Pyrénées-Atlantiques","CENTRE HOSPITALIER DE PAU","Centre Hospitalier de PAU","640000600","Sanofi",30,300,2023-04-12
"64","Pyrénées-Atlantiques","CENTRE HOSPITALIER DE PAU","Centre Hospitalier de PAU","640000600","Moderna BA1",51,255,2023-04-12
"65","Hautes-Pyrénées","CH BIGORRE","PUI_CH DE BIGORRE TARBES","650000417","Moderna",2820,28200,2023-04-12
"65","Hautes-Pyrénées","CH BIGORRE","PUI_CH DE BIGORRE TARBES","650000417","Pfizer",5303,31818,2023-04-12
"65","Hautes-Pyrénées","CH BIGORRE","PUI_CH DE BIGORRE TARBES","650000417","Nuvaxovid",10,100,2023-04-12
"65","Hautes-Pyrénées","CH BIGORRE","PUI_CH DE BIGORRE TARBES","650000417","Pfizer Pédiatrique",958,9580,2023-04-12
"65","Hautes-Pyrénées","CH BIGORRE","PUI_CH DE BIGORRE TARBES","650000417","Pifzer BA5",376,2256,2023-04-12
"66","Pyrénées-Orientales","CH PERPIGNAN","PUI_CH PERPIGNAN","660000084","Pfizer",9356,56136,2023-04-12
"66","Pyrénées-Orientales","CH PERPIGNAN","PUI_CH PERPIGNAN","660000084","Pfizer Pédiatrique",2770,27700,2023-04-12
"66","Pyrénées-Orientales","CH PERPIGNAN","PUI_CH PERPIGNAN","660000084","Pfizer Pédiatrique 6 mois - 4 ans",10,100,2023-04-12
"66","Pyrénées-Orientales","CH PERPIGNAN","PUI_CH PERPIGNAN","660000084","Pifzer BA5",757,4542,2023-04-12
"66","Pyrénées-Orientales","CH PERPIGNAN","PUI_CH PERPIGNAN","660000084","Sanofi",20,200,2023-04-12
"66","Pyrénées-Orientales","CH PERPIGNAN","PUI_CH PERPIGNAN","660000084","Moderna BA1",190,950,2023-04-12
"67","Bas-Rhin","HOPITAUX UNIVERSITAIRES DE STRASBOURG","Pharmacie Pôle Logistique des Hôpitaux Universitaires de Strasbourg","670014299","Sanofi",20,200,2023-04-12
"67","Bas-Rhin","HOPITAUX UNIVERSITAIRES DE STRASBOURG","Pharmacie Pôle Logistique des Hôpitaux Universitaires de Strasbourg","670014299","Nuvaxovid",719,7190,2023-04-12
"67","Bas-Rhin","HOPITAUX UNIVERSITAIRES DE STRASBOURG","Pharmacie Pôle Logistique des Hôpitaux Universitaires de Strasbourg","670014299","Pfizer Pédiatrique",4324,43240,2023-04-12
"67","Bas-Rhin","HOPITAUX UNIVERSITAIRES DE STRASBOURG","Pharmacie Pôle Logistique des Hôpitaux Universitaires de Strasbourg","670014299","Pfizer Pédiatrique 6 mois - 4 ans",4,40,2023-04-12
"67","Bas-Rhin","HOPITAUX UNIVERSITAIRES DE STRASBOURG","Pharmacie Pôle Logistique des Hôpitaux Universitaires de Strasbourg","670014299","Pfizer",13644,81864,2023-04-12
"67","Bas-Rhin","HOPITAUX UNIVERSITAIRES DE STRASBOURG","Pharmacie Pôle Logistique des Hôpitaux Universitaires de Strasbourg","670014299","Pifzer BA5",1579,9474,2023-04-12
"68","Haut-Rhin","GRPE HOSP REGION MULHOUSE & SUD ALSACE","PUI HOPITAL EMILE MULLER","680004546","Pifzer BA5",182,1092,2023-04-12
"70","Haute-Saône","GROUPE HOSPITALIER DE HAUTE SAONE","PUI GH DE LA HAUTE-SAÔNE","700000029","Pfizer Pédiatrique",988,9880,2023-04-12
"70","Haute-Saône","GROUPE HOSPITALIER DE HAUTE SAONE","PUI GH DE LA HAUTE-SAÔNE","700000029","Sanofi",10,100,2023-04-12
"70","Haute-Saône","GROUPE HOSPITALIER DE HAUTE SAONE","PUI GH DE LA HAUTE-SAÔNE","700000029","Pfizer",2385,14310,2023-04-12
"70","Haute-Saône","GROUPE HOSPITALIER DE HAUTE SAONE","PUI GH DE LA HAUTE-SAÔNE","700000029","Nuvaxovid",191,1910,2023-04-12
"70","Haute-Saône","GROUPE HOSPITALIER DE HAUTE SAONE","PUI GH DE LA HAUTE-SAÔNE","700000029","Pifzer BA5",396,2376,2023-04-12
"70","Haute-Saône","GROUPE HOSPITALIER DE HAUTE SAONE","PUI GH DE LA HAUTE-SAÔNE","700000029","Moderna BA1",87,435,2023-04-12
"71","Saône-et-Loire","CH WILLIAM MOREY CHALON SUR SAONE","PUI CH WILLIAM MOREY - CHALON","710978263","Pfizer",3493,20958,2023-04-12
"71","Saône-et-Loire","CH WILLIAM MOREY CHALON SUR SAONE","PUI CH WILLIAM MOREY - CHALON","710978263","Pifzer BA5",198,1188,2023-04-12
"71","Saône-et-Loire","CH LES CHANAUX MACON","CH LES CHANAUX MACON - PHARMACIE","710978289","Pifzer BA5",294,1764,2023-04-12
"71","Saône-et-Loire","CH LES CHANAUX MACON","CH LES CHANAUX MACON - PHARMACIE","710978289","Pfizer Pédiatrique",1046,10460,2023-04-12
"71","Saône-et-Loire","CH WILLIAM MOREY CHALON SUR SAONE","PUI CH WILLIAM MOREY - CHALON","710978263","Pfizer Pédiatrique",1640,16400,2023-04-12
"71","Saône-et-Loire","CH WILLIAM MOREY CHALON SUR SAONE","PUI CH WILLIAM MOREY - CHALON","710978263","Pfizer Pédiatrique 6 mois - 4 ans",10,100,2023-04-12
"71","Saône-et-Loire","CH LES CHANAUX MACON","CH LES CHANAUX MACON - PHARMACIE","710978289","Pfizer",3596,21576,2023-04-12
"73","Savoie","CH METROPOLE SAVOIE","Pharmacie CHMS site Chambéry","730000031","Moderna BA1",9,45,2023-04-12
"73","Savoie","CH METROPOLE SAVOIE","Pharmacie CHMS site Chambéry","730000031","Moderna BA5",30,30,2023-04-12
"73","Savoie","CH METROPOLE SAVOIE","Pharmacie CHMS site Chambéry","730000031","Pfizer Pédiatrique",1386,13860,2023-04-12
"73","Savoie","CH METROPOLE SAVOIE","Pharmacie CHMS site Chambéry","730000031","Pfizer",8599,51594,2023-04-12
"73","Savoie","CH METROPOLE SAVOIE","Pharmacie CHMS site Chambéry","730000031","Pifzer BA5",596,3576,2023-04-12
"73","Savoie","CH METROPOLE SAVOIE","Pharmacie CHMS site Chambéry","730000031","Pfizer Pédiatrique 6 mois - 4 ans",10,100,2023-04-12
"74","Haute-Savoie","CH ANNECY GENEVOIS","PUI CH ANNECY-GENEVOIS","740000237","Moderna BA1",0,0,2023-04-12
"74","Haute-Savoie","CH ANNECY GENEVOIS","PUI CH ANNECY-GENEVOIS","740000237","Nuvaxovid",477,4770,2023-04-12
"74","Haute-Savoie","CH ANNECY GENEVOIS","PUI CH ANNECY-GENEVOIS","740000237","Moderna",3971,39710,2023-04-12
"74","Haute-Savoie","CH ANNECY GENEVOIS","PUI CH ANNECY-GENEVOIS","740000237","Pifzer BA5",837,5022,2023-04-12
"74","Haute-Savoie","CH ANNECY GENEVOIS","PUI CH ANNECY-GENEVOIS","740000237","Pfizer Pédiatrique",2638,26380,2023-04-12
"74","Haute-Savoie","CH ANNECY GENEVOIS","PUI CH ANNECY-GENEVOIS","740000237","Pfizer",14219,85314,2023-04-12
"76","Seine-Maritime","CHU ROUEN","PUI CHU ROUEN","760000158","Pfizer Pédiatrique",0,0,2023-04-12
"76","Seine-Maritime","CHU ROUEN","PUI CHU ROUEN","760000158","Pifzer BA5",96,576,2023-04-12
"77","Seine-et-Marne","GRPE HOSPITALIER DU SUD ILE DE FRANCE","Groupe hospitalier du Sud Ile-de-France Site Santépôle 77","770000156","Pifzer BA5",18,108,2023-04-12
"77","Seine-et-Marne","GRPE HOSPITALIER DU SUD ILE DE FRANCE","Groupe hospitalier du Sud Ile-de-France Site Santépôle 77","770000156","Pfizer",13005,78030,2023-04-12
"79","Deux-Sèvres","CENTRE HOSPITALIER DE NIORT","PUI CENTRE HOSPITALIER DE NIORT","790000087","Pifzer BA5",758,4548,2023-04-12
"79","Deux-Sèvres","CENTRE HOSPITALIER DE NIORT","PUI CENTRE HOSPITALIER DE NIORT","790000087","Pfizer",7522,45132,2023-04-12
"79","Deux-Sèvres","CENTRE HOSPITALIER DE NIORT","PUI CENTRE HOSPITALIER DE NIORT","790000087","Pfizer Pédiatrique",1486,14860,2023-04-12
"79","Deux-Sèvres","CENTRE HOSPITALIER DE NIORT","PUI CENTRE HOSPITALIER DE NIORT","790000087","Pfizer Pédiatrique 6 mois - 4 ans",10,100,2023-04-12
"80","Somme","CHU AMIENS PICARDIE","PUI de CHU AMIENS SUD","800006124","Pfizer",8653,51918,2023-04-12
"80","Somme","CHU AMIENS PICARDIE","PUI de CHU AMIENS SUD","800006124","Moderna",1793,17930,2023-04-12
"80","Somme","CHU AMIENS PICARDIE","PUI de CHU AMIENS SUD","800006124","Nuvaxovid",577,5770,2023-04-12
"80","Somme","CHU AMIENS PICARDIE","PUI de CHU AMIENS SUD","800006124","Pfizer Pédiatrique",2882,28820,2023-04-12
"80","Somme","CHU AMIENS PICARDIE","PUI de CHU AMIENS SUD","800006124","Pifzer BA5",516,3096,2023-04-12
"81","Tarn","CH ALBI","PUI_CH ALBI","810000505","Pfizer",7417,44502,2023-04-12
"81","Tarn","CH ALBI","PUI_CH ALBI","810000505","Pifzer BA5",776,4656,2023-04-12
"81","Tarn","CH ALBI","PUI_CH ALBI","810000505","Pfizer Pédiatrique",1529,15290,2023-04-12
"81","Tarn","CH ALBI","PUI_CH ALBI","810000505","Sanofi",0,0,2023-04-12
"82","Tarn-et-Garonne","CH MONTAUBAN","PUI_CH MONTAUBAN","820000032","Pfizer",5232,31392,2023-04-12
"82","Tarn-et-Garonne","CH MONTAUBAN","PUI_CH MONTAUBAN","820000032","Moderna",707,7070,2023-04-12
"82","Tarn-et-Garonne","CH MONTAUBAN","PUI_CH MONTAUBAN","820000032","Pfizer Pédiatrique",1117,11170,2023-04-12
"82","Tarn-et-Garonne","CH MONTAUBAN","PUI_CH MONTAUBAN","820000032","Pifzer BA5",795,4770,2023-04-12
"83","Var","CHI TOULON LA SEYNE SUR MER","CHITS CH SAINTE MUSSE","830000345","Pfizer Pédiatrique 6 mois - 4 ans",9,90,2023-04-12
"83","Var","CHI TOULON LA SEYNE SUR MER","CHITS CH SAINTE MUSSE","830000345","Pfizer Pédiatrique",3276,32760,2023-04-12
"83","Var","CHI TOULON LA SEYNE SUR MER","CHITS CH SAINTE MUSSE","830000345","Moderna",7341,73410,2023-04-12
"83","Var","CHI TOULON LA SEYNE SUR MER","CHITS CH SAINTE MUSSE","830000345","Moderna BA1",85,425,2023-04-12
"83","Var","CHI TOULON LA SEYNE SUR MER","CHITS CH SAINTE MUSSE","830000345","Pifzer BA5",410,2460,2023-04-12
"83","Var","CHI TOULON LA SEYNE SUR MER","CHITS CH SAINTE MUSSE","830000345","Pfizer",21527,129162,2023-04-12
"83","Var","CHI TOULON LA SEYNE SUR MER","CHITS CH SAINTE MUSSE","830000345","Nuvaxovid",756,7560,2023-04-12
"84","Vaucluse","CH D'AVIGNON HENRI DUFFAUT","PUI CH HENRI DUFFAUT AVIGNON","840001861","Pifzer BA5",395,2370,2023-04-12
"84","Vaucluse","CH D'AVIGNON HENRI DUFFAUT","PUI CH HENRI DUFFAUT AVIGNON","840001861","Pfizer Pédiatrique",2200,22000,2023-04-12
"84","Vaucluse","CH D'AVIGNON HENRI DUFFAUT","PUI CH HENRI DUFFAUT AVIGNON","840001861","Pfizer",5967,35802,2023-04-12
"84","Vaucluse","CH D'AVIGNON HENRI DUFFAUT","PUI CH HENRI DUFFAUT AVIGNON","840001861","Moderna BA1",94,470,2023-04-12
"85","Vendée","CHD LA ROCHE SUR YON LUCON MONTAIGU","CHD Vendée - site de La Roche Sur Yon","850000142","Moderna",0,0,2023-04-12
"85","Vendée","CHD LA ROCHE SUR YON LUCON MONTAIGU","CHD Vendée - site de La Roche Sur Yon","850000142","Moderna BA1",40,200,2023-04-12
"85","Vendée","CHD LA ROCHE SUR YON LUCON MONTAIGU","CHD Vendée - site de La Roche Sur Yon","850000142","Pfizer Pédiatrique",3471,34710,2023-04-12
"85","Vendée","CHD LA ROCHE SUR YON LUCON MONTAIGU","CHD Vendée - site de La Roche Sur Yon","850000142","Pfizer",10986,65916,2023-04-12
"85","Vendée","CHD LA ROCHE SUR YON LUCON MONTAIGU","CHD Vendée - site de La Roche Sur Yon","850000142","Pifzer BA5",137,822,2023-04-12
"85","Vendée","CHD LA ROCHE SUR YON LUCON MONTAIGU","CHD Vendée - site de La Roche Sur Yon","850000142","Pfizer BA1",480,2880,2023-04-12
"85","Vendée","CHD LA ROCHE SUR YON LUCON MONTAIGU","CHD Vendée - site de La Roche Sur Yon","850000142","Nuvaxovid",507,5070,2023-04-12
"86","Vienne","CENTRE HOSP. UNIVERSITAIRE DE POITIERS","CHU DE POITIERS","860000223","Pfizer",6665,39990,2023-04-12
"86","Vienne","CENTRE HOSP. UNIVERSITAIRE DE POITIERS","CHU DE POITIERS","860000223","Pifzer BA5",185,1110,2023-04-12
"86","Vienne","CENTRE HOSP. UNIVERSITAIRE DE POITIERS","CHU DE POITIERS","860000223","Pfizer Pédiatrique",1390,13900,2023-04-12
"86","Vienne","CENTRE HOSP. UNIVERSITAIRE DE POITIERS","CHU DE POITIERS","860000223","Moderna BA1",36,36,2023-04-12
"87","Haute-Vienne","C H U  DE  LIMOGES","PUI CHU LIMOGES","870000064","Pifzer BA5",1112,6672,2023-04-12
"87","Haute-Vienne","C H U  DE  LIMOGES","PUI CHU LIMOGES","870000064","Moderna BA1",52,260,2023-04-12
"87","Haute-Vienne","C H U  DE  LIMOGES","PUI CHU LIMOGES","870000064","Sanofi",20,200,2023-04-12
"87","Haute-Vienne","C H U  DE  LIMOGES","PUI CHU LIMOGES","870000064","Nuvaxovid",329,3290,2023-04-12
"87","Haute-Vienne","C H U  DE  LIMOGES","PUI CHU LIMOGES","870000064","Pfizer",6740,40440,2023-04-12
"87","Haute-Vienne","C H U  DE  LIMOGES","PUI CHU LIMOGES","870000064","Moderna",0,0,2023-04-12
"87","Haute-Vienne","C H U  DE  LIMOGES","PUI CHU LIMOGES","870000064","Janssen",13,65,2023-04-12
"87","Haute-Vienne","C H U  DE  LIMOGES","PUI CHU LIMOGES","870000064","Pfizer Pédiatrique",941,9410,2023-04-12
"89","Yonne","CH AUXERRE","PUI CH AUXERRE","890975527","Pfizer Pédiatrique",980,9800,2023-04-12
"89","Yonne","CH AUXERRE","PUI CH AUXERRE","890975527","Pfizer",2116,12696,2023-04-12
"89","Yonne","CH AUXERRE","PUI CH AUXERRE","890975527","Pifzer BA5",288,1728,2023-04-12
"90","Territoire de Belfort","HOPITAL NORD FRANCHE COMTE","PUI HNFC","900003039","Moderna BA1",0,0,2023-04-12
"90","Territoire de Belfort","HOPITAL NORD FRANCHE COMTE","PUI HNFC","900003039","Pfizer Pédiatrique 6 mois - 4 ans",5,50,2023-04-12
"90","Territoire de Belfort","HOPITAL NORD FRANCHE COMTE","PUI HNFC","900003039","Pfizer Pédiatrique",1503,15030,2023-04-12
"90","Territoire de Belfort","HOPITAL NORD FRANCHE COMTE","PUI HNFC","900003039","Pifzer BA5",327,1962,2023-04-12
"90","Territoire de Belfort","HOPITAL NORD FRANCHE COMTE","PUI HNFC","900003039","Moderna BA5",73,73,2023-04-12
"95","Val-d'Oise","CENTRE HOSPITALIER DE GONESSE","Centre Hospitalier de Gonesse","950000331","Pfizer Pédiatrique",3185,31850,2023-04-12
"95","Val-d'Oise","CENTRE HOSPITALIER DE GONESSE","Centre Hospitalier de Gonesse","950000331","Pfizer",10297,61782,2023-04-12
"95","Val-d'Oise","CENTRE HOSPITALIER DE GONESSE","Centre Hospitalier de Gonesse","950000331","Pifzer BA5",672,4032,2023-04-12
"971","Guadeloupe","C.H.U. DE LA GUADELOUPE","PUI C.H.U. DE POINTE-A-PITRE/ABYMES","970100442","Nuvaxovid",23,230,2023-04-12
"971","Guadeloupe","C.H.U. DE LA GUADELOUPE","PUI C.H.U. DE POINTE-A-PITRE/ABYMES","970100442","Janssen",0,0,2023-04-12
"971","Guadeloupe","C.H.U. DE LA GUADELOUPE","PUI C.H.U. DE POINTE-A-PITRE/ABYMES","970100442","Pifzer BA5",714,4284,2023-04-12
"971","Guadeloupe","C.H.U. DE LA GUADELOUPE","PUI C.H.U. DE POINTE-A-PITRE/ABYMES","970100442","Pfizer Pédiatrique 6 mois - 4 ans",100,1000,2023-04-12
"971","Guadeloupe","C.H.U. DE LA GUADELOUPE","PUI C.H.U. DE POINTE-A-PITRE/ABYMES","970100442","Pfizer",4396,26376,2023-04-12
"971","Guadeloupe","C.H.U. DE LA GUADELOUPE","PUI C.H.U. DE POINTE-A-PITRE/ABYMES","970100442","Pfizer Pédiatrique",13,130,2023-04-12
"971","Guadeloupe","C.H.U. DE LA GUADELOUPE","PUI C.H.U. DE POINTE-A-PITRE/ABYMES","970100442","Moderna BA5",100,100,2023-04-12
"971","Guadeloupe","C.H.U. DE LA GUADELOUPE","PUI C.H.U. DE POINTE-A-PITRE/ABYMES","970100442","Moderna BA1",34,170,2023-04-12
"972","Martinique","CHU DE MARTINIQUE","Pharmacie CHUM","970211215","Pfizer Pédiatrique",506,5060,2023-04-12
"972","Martinique","CHU DE MARTINIQUE","Pharmacie CHUM","970211215","Pfizer",290,1740,2023-04-12
"972","Martinique","CHU DE MARTINIQUE","Pharmacie CHUM","970211215","Pifzer BA5",390,2340,2023-04-12
"972","Martinique","CHU DE MARTINIQUE","Pharmacie CHUM","970211215","Nuvaxovid",157,1570,2023-04-12
"972","Martinique","CHU DE MARTINIQUE","Pharmacie CHUM","970211215","Sanofi",200,2000,2023-04-12
